{
    "$schema": "https://schema.management.azure.com/schemas/2019-04-01/deploymentTemplate.json#",
    "contentVersion": "1.0.0.0",
    "parameters": {},
    "variables": {},
    "resources": [
        {
            "name": "$name",
            "type": "Microsoft.AlertsManagement/prometheusRuleGroups",
            "apiVersion": "2021-07-22-preview",
            "location": "$MACLocation",
            "properties": {
                "description": "rule group for cluster $cluster",
                "clusterName": "$cluster",
                "scopes": [
                    "$mac"
                ],
                "interval": "PT5M",
                "rules": [
                    {
                        "alert": "Average CPU usage per container is greater than 95%",
                        "expression": "sum (rate(container_cpu_usage_seconds_total{name!~\".*prometheus.*\", image!=\"\", container_name!=\"POD\"}[5m])) by (pod_name, container,cluster,namespace) / sum(container_spec_cpu_quota{name!~\".*prometheus.*\", image!=\"\", container_name!=\"POD\"}/container_spec_cpu_period{name!~\".*prometheus.*\", image!=\"\", container_name!=\"POD\"}) by (pod_name, container,cluster,namespace) >.95",
                        "for": "PT5M",
                        "labels": {
                            "cluster": "{{$labels.cluster}}"
                        },
                        "annotations": {
                            "description": "Average CPU usage per container is greater than 95%"
                        },
                        "severity": 4,
                        "resolveConfiguration": {
                            "autoResolved": true,
                            "timeToResolve": "PT15M"
                        },
                        "actions": [
                            {
                                "actionGroupId": "$actionGroupResourceId"
                            }
                        ]
                    },
                    {
                        "alert": "Average Memory usage per container is greater than 95%.",
                        "expression": "sum by (namespace,cluster,container) (container_memory_working_set_bytes{container!=\"\", image!=\"\", container_name!=\"POD\"}) / sum by (namespace,cluster,container) (kube_pod_container_resource_limits{resource=\"memory\"}) > .95 ",
                        "for": "PT10M",
                        "labels": {
                            "cluster": "{{$labels.cluster}}"
                        },
                        "annotations": {
                            "description": "Average Memory usage per container is greater than 95%"
                        },
                        "severity": 4,
                        "resolveConfiguration": {
                            "autoResolved": true,
                            "timeToResolve": "PT10M"
                        },
                        "actions": [
                            {
                                "actionGroupId": "$actionGroupResourceId"
                            }
                        ]
                    },
                    {
                        "alert": "Number of OOM killed containers is greater than 0",
                        "expression": "sum by (cluster,container,namespace)(kube_pod_container_status_last_terminated_reason{reason=\"OOMKilled\"}) > 0",
                        "for": "PT5M",
                        "labels": {
                            "cluster": "{{$labels.cluster}}"
                        },
                        "annotations": {
                            "description": "Number of OOM killed containers is greater than 0"
                        },
                        "severity": 4,
                        "resolveConfiguration": {
                            "autoResolved": true,
                            "timeToResolve": "PT10M"
                        },
                        "actions": [
                            {
                                "actionGroupId": "$actionGroupResourceId"
                            }
                        ]
                    },
                    {
                        "alert": "Average PV usage is greater than 80%",
                        "expression": "sum by (namespace,cluster,container,pod)(kubelet_volume_stats_used_bytes{job=\"kubelet\"}) / sum by (namespace,cluster,container,pod)(kubelet_volume_stats_capacity_bytes{job=\"kubelet\"})  >.8",
                        "for": "PT5M",
                        "labels": {
                            "cluster": "{{$labels.cluster}}"
                        },
                        "annotations": {
                            "description": "Average PV usage is greater than 80%"
                        },
                        "severity": 4,
                        "resolveConfiguration": {
                            "autoResolved": true,
                            "timeToResolve": "PT15M"
                        },
                        "actions": [
                            {
                                "actionGroupId": "$actionGroupResourceId"
                            }
                        ]
                    },
                    {
                        "alert": "Pod container restarted in last 1 hour",
                        "expression": "sum by (namespace, pod, container, cluster) (kube_pod_container_status_restarts_total{job=\"kube-state-metrics\", namespace=\"kube-system\"}) > 0 ",
                        "for": "PT15M", 
                        "labels": {
                            "cluster": "{{$labels.cluster}}"
                        },
                        "annotations": {
                            "description": "Pod container restarted in last 1 hour"
                        },
                        "severity": 4,
                        "resolveConfiguration": {
                            "autoResolved": true,
                            "timeToResolve": "PT10M"
                        },
                        "actions": [
                            {
                                "actionGroupId": "$actionGroupResourceId"
                            }
                        ]
                    },
                    {
                        "alert": "Node is not ready.",
                        "expression": "sum by (namespace,cluster,node)(kube_node_status_condition{job=\"kube-state-metrics\",condition=\"Ready\",status!=\"true\", node!=\"\"}) > 0",
                        "for": "PT15M",
                        "labels": {
                            "cluster": "{{$labels.cluster}}"
                        },
                        "annotations": {
                            "description": "Node has been unready for more than 15 minutes "
                        },
                        "severity": 4,
                        "resolveConfiguration": {
                            "autoResolved": true,
                            "timeToResolve": "PT15M"
                        },
                        "actions": [
                            {
                                "actionGroupId": "$actionGroupResourceId"
                            }
                        ]
                    },
                    {
                        "alert": "Ready state of pods is less than 80%. ",
                        "expression": "sum by (cluster,namespace,deployment)(kube_deployment_status_replicas_ready) / sum by (cluster,namespace,deployment)(kube_deployment_spec_replicas) <.8 or sum by (cluster,namespace,deployment)(kube_daemonset_status_number_ready) / sum by (cluster,namespace,deployment)(kube_daemonset_status_desired_number_scheduled) <.8 ",
                        "for": "PT5M",
                        "labels": {
                            "cluster": "{{$labels.cluster}}"
                        },
                        "annotations": {
                            "description": "Ready state of pods is less than 80%."
                        },
                        "severity": 4,
                        "resolveConfiguration": {
                            "autoResolved": true,
                            "timeToResolve": "PT15M"
                        },
                        "actions": [
                            {
                                "actionGroupId": "$actionGroupResourceId"
                            }
                        ]
                    },
                    {
                        "alert": "Job did not complete in time",
                        "expression": "sum by(namespace,cluster)(kube_job_spec_completions{job=\"kube-state-metrics\"}) - sum by(namespace,cluster)(kube_job_status_succeeded{job=\"kube-state-metrics\"})  > 0 ",
                        "for": "PT360M",
                        "labels": {
                            "cluster": "{{$labels.cluster}}"
                        },
                        "annotations": {
                            "description": "Number of stale jobs older than six hours is greater than 0"
                        },
                        "severity": 4,
                        "resolveConfiguration": {
                            "autoResolved": true,
                            "timeToResolve": "PT15M"
                        },
                        "actions": [
                            {
                                "actionGroupId": "$actionGroupResourceId"
                            }
                        ]
                    },
                    {
                        "alert": "Average node CPU utilization is greater than 80%",
                        "expression": "(  (1 - rate(node_cpu_seconds_total{job=\"node\", mode=\"idle\"}[5m]) ) / ignoring(cpu) group_left count without (cpu)( node_cpu_seconds_total{job=\"node\", mode=\"idle\"}) ) > .8 ",
                        "for": "PT5M",
                        "labels": {
                            "cluster": "{{$labels.cluster}}"
                        },
                        "annotations": {
                            "description": "Average node CPU utilization is greater than 80%"
                        },
                        "severity": 4,
                        "resolveConfiguration": {
                            "autoResolved": true,
                            "timeToResolve": "PT15M"
                        },
                        "actions": [
                            {
                                "actionGroupId": "$actionGroupResourceId"
                            }
                        ]
                    },
                    {
                        "alert": "Working set memory for a node is greater than 80%.",
                        "expression": "1 - avg by (namespace,cluster,job)(node_memory_MemAvailable_bytes{job=\"node\"}) / avg by (namespace,cluster,job)(node_memory_MemTotal_bytes{job=\"node\"}) > .8",
                        "for": "PT5M",
                        "labels": {
                            "cluster": "{{$labels.cluster}}"
                        },
                        "annotations": {
                            "description": "Working set memory for a node is greater than 80%."
                        },
                        "severity": 4,
                        "resolveConfiguration": {
                            "autoResolved": true,
                            "timeToResolve": "PT15M"
                        },
                        "actions": [
                            {
                                "actionGroupId": "$actionGroupResourceId"
                            }
                        ]
                    },
                    {
                        "alert": "Number of pods in failed state are greater than 0.",
                        "expression": "sum by (cluster, namespace, pod) (kube_pod_status_phase{phase=\"failed\"}) > 0",
                        "for": "PT5M",
                        "labels": {
                            "cluster": "{{$labels.cluster}}"
                        },
                        "annotations": {
                            "description": "Number of pods in failed state are greater than 0"
                        },
                        "severity": 4,
                        "resolveConfiguration": {
                            "autoResolved": true,
                            "timeToResolve": "PT15M"
                        },
                        "actions": [
                            {
                                "actionGroupId": "$actionGroupResourceId"
                            }
                        ]
                    }  
                ]
            }
        }
    ]
}