{
    "$schema": "https://schema.management.azure.com/schemas/2019-04-01/deploymentTemplate.json#",
    "contentVersion": "1.0.0.0",
    "parameters": {},
    "variables": {},
    "resources": [
        {
            "name": "$name",
            "type": "Microsoft.AlertsManagement/prometheusRuleGroups",
            "apiVersion": "2021-07-22-preview",
            "location": "$MACLocation",
            "properties": {
                "scopes": [
                    "$mac"
                ],
                "rules": [
                    {
                        "record": ":windows_node_cpu_utilisation:avg3m",
                        "expression": "1 - avg(rate(windows_cpu_time_total{job = \"windows-exporter\", mode = \"idle\", cluster = \"$cluster\"}[3m]))"
                    },
                    {
                        "record": "windows_pod_container_available",
                        "expression": "windows_container_available{job = \"windows-exporter\", cluster = \"$cluster\"} * on(container_id) group_left(container, pod, namespace, cluster) max(kube_pod_container_info{job = \"kube-state-metrics\", cluster = \"$cluster\"}) by(container, container_id, pod, namespace, cluster)"
                    },
                    {
                        "record": "kube_pod_windows_container_resource_cpu_cores_request",
                        "expression": "max by (namespace, pod, container, cluster) (kube_pod_container_resource_requests{resource = \"cpu\", job = \"kube-state-metrics\", cluster = \"$cluster\"}) * on(container, pod, namespace, cluster) (windows_pod_container_available{cluster = \"$cluster\"})"
                    },
                    {
                        "record": "node:windows_node_num_cpu:sum",
                        "expression": "count by (instance, cluster, job) (sum by (instance, core, cluster, job) (windows_cpu_time_total{job = \"windows-exporter\", cluster = \"$cluster\"}))"
                    },
                    {
                        "record": "cpu_requests_commitment",
                        "expression": "sum(kube_pod_windows_container_resource_cpu_cores_request{cluster = \"$cluster\"}) / sum(node:windows_node_num_cpu:sum{cluster = \"$cluster\"})"
                    },
                    {
                        "record": "kube_pod_windows_container_resource_cpu_cores_limit",
                        "expression": "kube_pod_container_resource_limits{resource = \"cpu\", job = \"kube-state-metrics\", cluster = \"$cluster\"} * on (container, pod, namespace, cluster) (windows_pod_container_available{cluster = \"$cluster\"})"
                    },
                    {
                        "record": ":windows_node_memory_MemFreeCached_bytes:sum",
                        "expression": "sum(windows_memory_available_bytes{job = \"windows-exporter\", cluster = \"$cluster\" } + windows_memory_cache_bytes{job = \"windows-exporter\", cluster = \"$cluster\" })"
                    },
                    {
                        "record": ":windows_node_memory_MemTotal_bytes:sum",
                        "expression": "sum(windows_os_visible_memory_bytes{job = \"windows-exporter\", cluster = \"$cluster\" })"
                    },
                    {
                        "record": "memory_utilization",
                        "expression": "1 - sum(sum(windows_memory_available_bytes{job = \"windows-exporter\", cluster = \"$cluster\" } + windows_memory_cache_bytes{job = \"windows-exporter\", cluster = \"$cluster\" })) / sum(sum(windows_os_visible_memory_bytes{job = \"windows-exporter\", cluster = \"$cluster\" }))"
                    }
                ]
            }
        }
    ]
}