{
    "$schema": "https://schema.management.azure.com/schemas/2019-04-01/deploymentTemplate.json#",
    "contentVersion": "1.0.0.0",
    "parameters": {},
    "variables": {},
    "resources": [
        {
            "name": "$name",
            "type": "Microsoft.AlertsManagement/prometheusRuleGroups",
            "apiVersion": "2021-07-22-preview",
            "location": "$MACLocation",
            "properties": {
                "scopes": [
                    "$mac"
                ],
                "rules": [
                    {
                        "record": "windows_container_network_received_bytes_total",
                        "expression": "windows_container_network_receive_bytes_total{job = \"windows-exporter\", cluster = \"$cluster\"} * on(container_id) group_left(container, pod, namespace, cluster) max(kube_pod_container_info{job = \"kube-state-metrics\", cluster = \"$cluster\"}) by(container, container_id, pod, namespace, cluster)"
                    },
                    {
                        "record": "network_io_1",
                        "expression": "sort_desc(sum by (cluster, namespace, pod, container) (rate(windows_container_network_received_bytes_total{job = \"windows-exporter\", cluster = \"$cluster\"}[3m])))"
                    },
                    {
                        "record": "windows_container_network_transmitted_bytes_total",
                        "expression": "windows_container_network_transmit_bytes_total{job = \"windows-exporter\", cluster = \"$cluster\"} * on(container_id) group_left(container, pod, namespace, cluster) max(kube_pod_container_info{job = \"kube-state-metrics\", cluster = \"$cluster\"}) by(container, container_id, pod, namespace, cluster)"
                    },
                    {
                        "record": "network_io_2",
                        "expression": "sort_desc(sum by (cluster, namespace, pod, container) (rate(windows_container_network_transmitted_bytes_total{job = \"windows-exporter\", cluster = \"$cluster\"}[3m])))"
                    }
                ]
            }
        }
    ]
}