{
   "__inputs": [ ],
   "__requires": [ ],
   "annotations": {
      "list": [ ]
   },
   "editable": false,
   "gnetId": null,
   "graphTooltip": 0,
   "hideControls": false,
   "id": null,
   "links": [ ],
   "refresh": "1m",
   "rows": [
      {
         "collapse": false,
         "height": "100px",
         "panels": [
            {
               "aliasColors": { },
               "bars": false,
               "dashLength": 10,
               "dashes": false,
               "datasource": "$datasource",
               "fill": 1,
               "format": "percentunit",
               "id": 2,
               "legend": {
                  "avg": false,
                  "current": false,
                  "max": false,
                  "min": false,
                  "show": true,
                  "total": false,
                  "values": false
               },
               "lines": true,
               "linewidth": 1,
               "links": [ ],
               "nullPointMode": "null as zero",
               "percentage": false,
               "pointradius": 5,
               "points": false,
               "renderer": "flot",
               "seriesOverrides": [ ],
               "spaceLength": 10,
               "span": 2,
               "stack": false,
               "steppedLine": false,
               "targets": [
                  {
                     "expr": "1 - avg by (job, cluster) (rate(windows_cpu_time_total{job=\"windows-exporter\", mode=\"idle\", cluster=\"$cluster\"}[3m]))",
                     "format": "time_series",
                     "instant": true,
                     "intervalFactor": 2,
                     "refId": "A"
                  }
               ],
               "thresholds": "70,80",
               "timeFrom": null,
               "timeShift": null,
               "title": "CPU Utilisation",
               "tooltip": {
                  "shared": true,
                  "sort": 2,
                  "value_type": "individual"
               },
               "type": "singlestat",
               "xaxis": {
                  "buckets": null,
                  "mode": "time",
                  "name": null,
                  "show": true,
                  "values": [ ]
               },
               "yaxes": [
                  {
                     "format": "short",
                     "label": null,
                     "logBase": 1,
                     "max": null,
                     "min": 0,
                     "show": true
                  },
                  {
                     "format": "short",
                     "label": null,
                     "logBase": 1,
                     "max": null,
                     "min": null,
                     "show": false
                  }
               ]
            },
            {
               "aliasColors": { },
               "bars": false,
               "dashLength": 10,
               "dashes": false,
               "datasource": "$datasource",
               "fill": 1,
               "format": "percentunit",
               "id": 3,
               "legend": {
                  "avg": false,
                  "current": false,
                  "max": false,
                  "min": false,
                  "show": true,
                  "total": false,
                  "values": false
               },
               "lines": true,
               "linewidth": 1,
               "links": [ ],
               "nullPointMode": "null as zero",
               "percentage": false,
               "pointradius": 5,
               "points": false,
               "renderer": "flot",
               "seriesOverrides": [ ],
               "spaceLength": 10,
               "span": 2,
               "stack": false,
               "steppedLine": false,
               "targets": [
                  {
                     "expr": "sum(kube_pod_windows_container_resource_cpu_cores_request{cluster=\"$cluster\"}) / sum(node:windows_node_num_cpu:sum{job=\"windows-exporter\", cluster=\"$cluster\"})",
                     "format": "time_series",
                     "instant": true,
                     "intervalFactor": 2,
                     "refId": "A"
                  }
               ],
               "thresholds": "70,80",
               "timeFrom": null,
               "timeShift": null,
               "title": "CPU Requests Commitment",
               "tooltip": {
                  "shared": true,
                  "sort": 2,
                  "value_type": "individual"
               },
               "type": "singlestat",
               "xaxis": {
                  "buckets": null,
                  "mode": "time",
                  "name": null,
                  "show": true,
                  "values": [ ]
               },
               "yaxes": [
                  {
                     "format": "short",
                     "label": null,
                     "logBase": 1,
                     "max": null,
                     "min": 0,
                     "show": true
                  },
                  {
                     "format": "short",
                     "label": null,
                     "logBase": 1,
                     "max": null,
                     "min": null,
                     "show": false
                  }
               ]
            },
            {
               "aliasColors": { },
               "bars": false,
               "dashLength": 10,
               "dashes": false,
               "datasource": "$datasource",
               "fill": 1,
               "format": "percentunit",
               "id": 4,
               "legend": {
                  "avg": false,
                  "current": false,
                  "max": false,
                  "min": false,
                  "show": true,
                  "total": false,
                  "values": false
               },
               "lines": true,
               "linewidth": 1,
               "links": [ ],
               "nullPointMode": "null as zero",
               "percentage": false,
               "pointradius": 5,
               "points": false,
               "renderer": "flot",
               "seriesOverrides": [ ],
               "spaceLength": 10,
               "span": 2,
               "stack": false,
               "steppedLine": false,
               "targets": [
                  {
                     "expr": "sum(kube_pod_windows_container_resource_cpu_cores_limit{cluster=\"$cluster\"}) / sum(node:windows_node_num_cpu:sum{job=\"windows-exporter\", cluster=\"$cluster\"})",
                     "format": "time_series",
                     "instant": true,
                     "intervalFactor": 2,
                     "refId": "A"
                  }
               ],
               "thresholds": "70,80",
               "timeFrom": null,
               "timeShift": null,
               "title": "CPU Limits Commitment",
               "tooltip": {
                  "shared": true,
                  "sort": 2,
                  "value_type": "individual"
               },
               "type": "singlestat",
               "xaxis": {
                  "buckets": null,
                  "mode": "time",
                  "name": null,
                  "show": true,
                  "values": [ ]
               },
               "yaxes": [
                  {
                     "format": "short",
                     "label": null,
                     "logBase": 1,
                     "max": null,
                     "min": 0,
                     "show": true
                  },
                  {
                     "format": "short",
                     "label": null,
                     "logBase": 1,
                     "max": null,
                     "min": null,
                     "show": false
                  }
               ]
            },
            {
               "aliasColors": { },
               "bars": false,
               "dashLength": 10,
               "dashes": false,
               "datasource": "$datasource",
               "fill": 1,
               "format": "percentunit",
               "id": 5,
               "legend": {
                  "avg": false,
                  "current": false,
                  "max": false,
                  "min": false,
                  "show": true,
                  "total": false,
                  "values": false
               },
               "lines": true,
               "linewidth": 1,
               "links": [ ],
               "nullPointMode": "null as zero",
               "percentage": false,
               "pointradius": 5,
               "points": false,
               "renderer": "flot",
               "seriesOverrides": [ ],
               "spaceLength": 10,
               "span": 2,
               "stack": false,
               "steppedLine": false,
               "targets": [
                  {
                     "expr": "1 - sum(sum(windows_memory_available_bytes{job=\"windows-exporter\", cluster = \"$cluster\" } + windows_memory_cache_bytes{job=\"windows-exporter\", cluster = \"$cluster\" })) / sum(sum(windows_os_visible_memory_bytes{job=\"windows-exporter\", cluster = \"$cluster\" }))",
                     "format": "time_series",
                     "instant": true,
                     "intervalFactor": 2,
                     "refId": "A"
                  }
               ],
               "thresholds": "70,80",
               "timeFrom": null,
               "timeShift": null,
               "title": "Memory Utilisation",
               "tooltip": {
                  "shared": true,
                  "sort": 2,
                  "value_type": "individual"
               },
               "type": "singlestat",
               "xaxis": {
                  "buckets": null,
                  "mode": "time",
                  "name": null,
                  "show": true,
                  "values": [ ]
               },
               "yaxes": [
                  {
                     "format": "short",
                     "label": null,
                     "logBase": 1,
                     "max": null,
                     "min": 0,
                     "show": true
                  },
                  {
                     "format": "short",
                     "label": null,
                     "logBase": 1,
                     "max": null,
                     "min": null,
                     "show": false
                  }
               ]
            },
            {
               "aliasColors": { },
               "bars": false,
               "dashLength": 10,
               "dashes": false,
               "datasource": "$datasource",
               "fill": 1,
               "format": "percentunit",
               "id": 6,
               "legend": {
                  "avg": false,
                  "current": false,
                  "max": false,
                  "min": false,
                  "show": true,
                  "total": false,
                  "values": false
               },
               "lines": true,
               "linewidth": 1,
               "links": [ ],
               "nullPointMode": "null as zero",
               "percentage": false,
               "pointradius": 5,
               "points": false,
               "renderer": "flot",
               "seriesOverrides": [ ],
               "spaceLength": 10,
               "span": 2,
               "stack": false,
               "steppedLine": false,
               "targets": [
                  {
                     "expr": "sum( max by (namespace, pod, container, cluster) (kube_pod_container_resource_requests{resource = \"memory\",job=\"kube-state-metrics\", cluster = \"$cluster\"}) * on (container, pod, namespace, cluster) (windows_container_available{job=\"windows-exporter\", cluster = \"$cluster\"} * on(container_id) group_left(container, pod, namespace, cluster) max(kube_pod_container_info{job=\"kube-state-metrics\", cluster = \"$cluster\"}) by(container, container_id, pod, namespace, cluster))) / sum(sum(windows_os_visible_memory_bytes{job=\"windows-exporter\", cluster = \"$cluster\" }))",
                     "format": "time_series",
                     "instant": true,
                     "intervalFactor": 2,
                     "refId": "A"
                  }
               ],
               "thresholds": "70,80",
               "timeFrom": null,
               "timeShift": null,
               "title": "Memory Requests Commitment",
               "tooltip": {
                  "shared": true,
                  "sort": 2,
                  "value_type": "individual"
               },
               "type": "singlestat",
               "xaxis": {
                  "buckets": null,
                  "mode": "time",
                  "name": null,
                  "show": true,
                  "values": [ ]
               },
               "yaxes": [
                  {
                     "format": "short",
                     "label": null,
                     "logBase": 1,
                     "max": null,
                     "min": 0,
                     "show": true
                  },
                  {
                     "format": "short",
                     "label": null,
                     "logBase": 1,
                     "max": null,
                     "min": null,
                     "show": false
                  }
               ]
            },
            {
               "aliasColors": { },
               "bars": false,
               "dashLength": 10,
               "dashes": false,
               "datasource": "$datasource",
               "fill": 1,
               "format": "percentunit",
               "id": 7,
               "legend": {
                  "avg": false,
                  "current": false,
                  "max": false,
                  "min": false,
                  "show": true,
                  "total": false,
                  "values": false
               },
               "lines": true,
               "linewidth": 1,
               "links": [ ],
               "nullPointMode": "null as zero",
               "percentage": false,
               "pointradius": 5,
               "points": false,
               "renderer": "flot",
               "seriesOverrides": [ ],
               "spaceLength": 10,
               "span": 2,
               "stack": false,
               "steppedLine": false,
               "targets": [
                  {
                     "expr": "sum(kube_pod_container_resource_limits{resource = \"memory\", job=\"kube-state-metrics\", cluster = \"$cluster\"} * on(container, pod, namespace, cluster) (windows_container_available{job=\"windows-exporter\", cluster = \"$cluster\"} * on(container_id) group_left(container, pod, namespace, cluster) max(kube_pod_container_info{job=\"kube-state-metrics\", cluster = \"$cluster\"}) by(container, container_id, pod, namespace, cluster))) / sum(sum(windows_os_visible_memory_bytes{job=\"windows-exporter\", cluster = \"$cluster\" }))",
                     "format": "time_series",
                     "instant": true,
                     "intervalFactor": 2,
                     "refId": "A"
                  }
               ],
               "thresholds": "70,80",
               "timeFrom": null,
               "timeShift": null,
               "title": "Memory Limits Commitment",
               "tooltip": {
                  "shared": true,
                  "sort": 2,
                  "value_type": "individual"
               },
               "type": "singlestat",
               "xaxis": {
                  "buckets": null,
                  "mode": "time",
                  "name": null,
                  "show": true,
                  "values": [ ]
               },
               "yaxes": [
                  {
                     "format": "short",
                     "label": null,
                     "logBase": 1,
                     "max": null,
                     "min": 0,
                     "show": true
                  },
                  {
                     "format": "short",
                     "label": null,
                     "logBase": 1,
                     "max": null,
                     "min": null,
                     "show": false
                  }
               ]
            }
         ],
         "repeat": null,
         "repeatIteration": null,
         "repeatRowId": null,
         "showTitle": false,
         "title": "Headlines",
         "titleSize": "h6"
      },
      {
         "collapse": false,
         "height": "250px",
         "panels": [
            {
               "aliasColors": { },
               "bars": false,
               "dashLength": 10,
               "dashes": false,
               "datasource": "$datasource",
               "fill": 10,
               "id": 8,
               "legend": {
                  "avg": false,
                  "current": false,
                  "max": false,
                  "min": false,
                  "show": true,
                  "total": false,
                  "values": false
               },
               "lines": true,
               "linewidth": 0,
               "links": [ ],
               "nullPointMode": "null as zero",
               "percentage": false,
               "pointradius": 5,
               "points": false,
               "renderer": "flot",
               "seriesOverrides": [ ],
               "spaceLength": 10,
               "span": 12,
               "stack": true,
               "steppedLine": false,
               "targets": [
                  {
                     "expr": "sum(namespace_pod_container:windows_container_cpu_usage_seconds_total:sum_rate{cluster = \"$cluster\"}) by (cluster, namespace)",
                     "format": "time_series",
                     "intervalFactor": 2,
                     "legendFormat": "{{namespace}}",
                     "legendLink": null,
                     "step": 10
                  }
               ],
               "thresholds": [ ],
               "timeFrom": null,
               "timeShift": null,
               "title": "CPU Usage",
               "tooltip": {
                  "shared": true,
                  "sort": 2,
                  "value_type": "individual"
               },
               "type": "graph",
               "xaxis": {
                  "buckets": null,
                  "mode": "time",
                  "name": null,
                  "show": true,
                  "values": [ ]
               },
               "yaxes": [
                  {
                     "format": "short",
                     "label": null,
                     "logBase": 1,
                     "max": null,
                     "min": 0,
                     "show": true
                  },
                  {
                     "format": "short",
                     "label": null,
                     "logBase": 1,
                     "max": null,
                     "min": null,
                     "show": false
                  }
               ]
            }
         ],
         "repeat": null,
         "repeatIteration": null,
         "repeatRowId": null,
         "showTitle": true,
         "title": "CPU",
         "titleSize": "h6"
      },
      {
         "collapse": false,
         "height": "250px",
         "panels": [
            {
               "aliasColors": { },
               "bars": false,
               "dashLength": 10,
               "dashes": false,
               "datasource": "$datasource",
               "fill": 1,
               "id": 9,
               "legend": {
                  "avg": false,
                  "current": false,
                  "max": false,
                  "min": false,
                  "show": true,
                  "total": false,
                  "values": false
               },
               "lines": true,
               "linewidth": 1,
               "links": [ ],
               "nullPointMode": "null as zero",
               "percentage": false,
               "pointradius": 5,
               "points": false,
               "renderer": "flot",
               "seriesOverrides": [ ],
               "spaceLength": 10,
               "span": 12,
               "stack": false,
               "steppedLine": false,
               "styles": [
                  {
                     "alias": "Time",
                     "dateFormat": "YYYY-MM-DD HH:mm:ss",
                     "pattern": "Time",
                     "type": "hidden"
                  },
                  {
                     "alias": "CPU Usage",
                     "colorMode": null,
                     "colors": [ ],
                     "dateFormat": "YYYY-MM-DD HH:mm:ss",
                     "decimals": 2,
                     "link": false,
                     "linkTargetBlank": false,
                     "linkTooltip": "Drill down",
                     "linkUrl": "",
                     "pattern": "Value #A",
                     "thresholds": [ ],
                     "type": "number",
                     "unit": "short"
                  },
                  {
                     "alias": "CPU Requests",
                     "colorMode": null,
                     "colors": [ ],
                     "dateFormat": "YYYY-MM-DD HH:mm:ss",
                     "decimals": 2,
                     "link": false,
                     "linkTargetBlank": false,
                     "linkTooltip": "Drill down",
                     "linkUrl": "",
                     "pattern": "Value #B",
                     "thresholds": [ ],
                     "type": "number",
                     "unit": "short"
                  },
                  {
                     "alias": "CPU Requests %",
                     "colorMode": null,
                     "colors": [ ],
                     "dateFormat": "YYYY-MM-DD HH:mm:ss",
                     "decimals": 2,
                     "link": false,
                     "linkTargetBlank": false,
                     "linkTooltip": "Drill down",
                     "linkUrl": "",
                     "pattern": "Value #C",
                     "thresholds": [ ],
                     "type": "number",
                     "unit": "percentunit"
                  },
                  {
                     "alias": "CPU Limits",
                     "colorMode": null,
                     "colors": [ ],
                     "dateFormat": "YYYY-MM-DD HH:mm:ss",
                     "decimals": 2,
                     "link": false,
                     "linkTargetBlank": false,
                     "linkTooltip": "Drill down",
                     "linkUrl": "",
                     "pattern": "Value #D",
                     "thresholds": [ ],
                     "type": "number",
                     "unit": "short"
                  },
                  {
                     "alias": "CPU Limits %",
                     "colorMode": null,
                     "colors": [ ],
                     "dateFormat": "YYYY-MM-DD HH:mm:ss",
                     "decimals": 2,
                     "link": false,
                     "linkTargetBlank": false,
                     "linkTooltip": "Drill down",
                     "linkUrl": "",
                     "pattern": "Value #E",
                     "thresholds": [ ],
                     "type": "number",
                     "unit": "percentunit"
                  },
                  {
                     "alias": "Namespace",
                     "colorMode": null,
                     "colors": [ ],
                     "dateFormat": "YYYY-MM-DD HH:mm:ss",
                     "decimals": 2,
                     "link": true,
                     "linkTargetBlank": false,
                     "linkTooltip": "Drill down",
                     "linkUrl": "/d/490b402361724ab1d4c45666c1fa9b6f/k8s-resources-windows-namespace?var-datasource=$datasource&var-namespace=$__cell",
                     "pattern": "namespace",
                     "thresholds": [ ],
                     "type": "number",
                     "unit": "short"
                  },
                  {
                     "alias": "",
                     "colorMode": null,
                     "colors": [ ],
                     "dateFormat": "YYYY-MM-DD HH:mm:ss",
                     "decimals": 2,
                     "pattern": "/.*/",
                     "thresholds": [ ],
                     "type": "string",
                     "unit": "short"
                  }
               ],
               "targets": [
                  {
                     "expr": "sum(namespace_pod_container:windows_container_cpu_usage_seconds_total:sum_rate{cluster = \"$cluster\"}) by (cluster, namespace)",
                     "format": "table",
                     "instant": true,
                     "intervalFactor": 2,
                     "legendFormat": "",
                     "refId": "A",
                     "step": 10
                  },
                  {
                     "expr": "sum(kube_pod_windows_container_resource_cpu_cores_request{cluster = \"$cluster\"}) by (cluster, namespace)",
                     "format": "table",
                     "instant": true,
                     "intervalFactor": 2,
                     "legendFormat": "",
                     "refId": "B",
                     "step": 10
                  },
                  {
                     "expr": "sum(namespace_pod_container:windows_container_cpu_usage_seconds_total:sum_rate{cluster = \"$cluster\"}) by (cluster, namespace) / sum(kube_pod_windows_container_resource_cpu_cores_request{cluster = \"$cluster\"}) by (cluster, namespace)",
                     "format": "table",
                     "instant": true,
                     "intervalFactor": 2,
                     "legendFormat": "",
                     "refId": "C",
                     "step": 10
                  },
                  {
                     "expr": "sum(kube_pod_windows_container_resource_cpu_cores_limit{cluster = \"$cluster\"}) by (cluster, namespace)",
                     "format": "table",
                     "instant": true,
                     "intervalFactor": 2,
                     "legendFormat": "",
                     "refId": "D",
                     "step": 10
                  },
                  {
                     "expr": "sum(namespace_pod_container:windows_container_cpu_usage_seconds_total:sum_rate{cluster = \"$cluster\"}) by (cluster, namespace) / sum(kube_pod_windows_container_resource_cpu_cores_limit{cluster = \"$cluster\"}) by (cluster, namespace)",
                     "format": "table",
                     "instant": true,
                     "intervalFactor": 2,
                     "legendFormat": "",
                     "refId": "E",
                     "step": 10
                  }
               ],
               "thresholds": [ ],
               "timeFrom": null,
               "timeShift": null,
               "title": "CPU Quota",
               "tooltip": {
                  "shared": true,
                  "sort": 2,
                  "value_type": "individual"
               },
               "transform": "table",
               "type": "table",
               "xaxis": {
                  "buckets": null,
                  "mode": "time",
                  "name": null,
                  "show": true,
                  "values": [ ]
               },
               "yaxes": [
                  {
                     "format": "short",
                     "label": null,
                     "logBase": 1,
                     "max": null,
                     "min": 0,
                     "show": true
                  },
                  {
                     "format": "short",
                     "label": null,
                     "logBase": 1,
                     "max": null,
                     "min": null,
                     "show": false
                  }
               ]
            }
         ],
         "repeat": null,
         "repeatIteration": null,
         "repeatRowId": null,
         "showTitle": true,
         "title": "CPU Quota",
         "titleSize": "h6"
      },
      {
         "collapse": false,
         "height": "250px",
         "panels": [
            {
               "aliasColors": { },
               "bars": false,
               "dashLength": 10,
               "dashes": false,
               "datasource": "$datasource",
               "fill": 10,
               "id": 10,
               "legend": {
                  "avg": false,
                  "current": false,
                  "max": false,
                  "min": false,
                  "show": true,
                  "total": false,
                  "values": false
               },
               "lines": true,
               "linewidth": 0,
               "links": [ ],
               "nullPointMode": "null as zero",
               "percentage": false,
               "pointradius": 5,
               "points": false,
               "renderer": "flot",
               "seriesOverrides": [ ],
               "spaceLength": 10,
               "span": 12,
               "stack": true,
               "steppedLine": false,
               "targets": [
                  {
                     "expr": "sum(windows_container_private_working_set_usage{job=\"windows-exporter\", cluster = \"$cluster\"}) by (cluster, namespace)",
                     "format": "time_series",
                     "intervalFactor": 2,
                     "legendFormat": "{{namespace}}",
                     "legendLink": null,
                     "step": 10
                  }
               ],
               "thresholds": [ ],
               "timeFrom": null,
               "timeShift": null,
               "title": "Memory Usage (Private Working Set)",
               "tooltip": {
                  "shared": true,
                  "sort": 2,
                  "value_type": "individual"
               },
               "type": "graph",
               "xaxis": {
                  "buckets": null,
                  "mode": "time",
                  "name": null,
                  "show": true,
                  "values": [ ]
               },
               "yaxes": [
                  {
                     "format": "decbytes",
                     "label": null,
                     "logBase": 1,
                     "max": null,
                     "min": 0,
                     "show": true
                  },
                  {
                     "format": "short",
                     "label": null,
                     "logBase": 1,
                     "max": null,
                     "min": null,
                     "show": false
                  }
               ]
            }
         ],
         "repeat": null,
         "repeatIteration": null,
         "repeatRowId": null,
         "showTitle": true,
         "title": "Memory",
         "titleSize": "h6"
      },
      {
         "collapse": false,
         "height": "250px",
         "panels": [
            {
               "aliasColors": { },
               "bars": false,
               "dashLength": 10,
               "dashes": false,
               "datasource": "$datasource",
               "fill": 1,
               "id": 11,
               "legend": {
                  "avg": false,
                  "current": false,
                  "max": false,
                  "min": false,
                  "show": true,
                  "total": false,
                  "values": false
               },
               "lines": true,
               "linewidth": 1,
               "links": [ ],
               "nullPointMode": "null as zero",
               "percentage": false,
               "pointradius": 5,
               "points": false,
               "renderer": "flot",
               "seriesOverrides": [ ],
               "spaceLength": 10,
               "span": 12,
               "stack": false,
               "steppedLine": false,
               "styles": [
                  {
                     "alias": "Time",
                     "dateFormat": "YYYY-MM-DD HH:mm:ss",
                     "pattern": "Time",
                     "type": "hidden"
                  },
                  {
                     "alias": "Memory Usage",
                     "colorMode": null,
                     "colors": [ ],
                     "dateFormat": "YYYY-MM-DD HH:mm:ss",
                     "decimals": 2,
                     "link": false,
                     "linkTargetBlank": false,
                     "linkTooltip": "Drill down",
                     "linkUrl": "",
                     "pattern": "Value #A",
                     "thresholds": [ ],
                     "type": "number",
                     "unit": "decbytes"
                  },
                  {
                     "alias": "Memory Requests",
                     "colorMode": null,
                     "colors": [ ],
                     "dateFormat": "YYYY-MM-DD HH:mm:ss",
                     "decimals": 2,
                     "link": false,
                     "linkTargetBlank": false,
                     "linkTooltip": "Drill down",
                     "linkUrl": "",
                     "pattern": "Value #B",
                     "thresholds": [ ],
                     "type": "number",
                     "unit": "decbytes"
                  },
                  {
                     "alias": "Memory Requests %",
                     "colorMode": null,
                     "colors": [ ],
                     "dateFormat": "YYYY-MM-DD HH:mm:ss",
                     "decimals": 2,
                     "link": false,
                     "linkTargetBlank": false,
                     "linkTooltip": "Drill down",
                     "linkUrl": "",
                     "pattern": "Value #C",
                     "thresholds": [ ],
                     "type": "number",
                     "unit": "percentunit"
                  },
                  {
                     "alias": "Memory Limits",
                     "colorMode": null,
                     "colors": [ ],
                     "dateFormat": "YYYY-MM-DD HH:mm:ss",
                     "decimals": 2,
                     "link": false,
                     "linkTargetBlank": false,
                     "linkTooltip": "Drill down",
                     "linkUrl": "",
                     "pattern": "Value #D",
                     "thresholds": [ ],
                     "type": "number",
                     "unit": "decbytes"
                  },
                  {
                     "alias": "Memory Limits %",
                     "colorMode": null,
                     "colors": [ ],
                     "dateFormat": "YYYY-MM-DD HH:mm:ss",
                     "decimals": 2,
                     "link": false,
                     "linkTargetBlank": false,
                     "linkTooltip": "Drill down",
                     "linkUrl": "",
                     "pattern": "Value #E",
                     "thresholds": [ ],
                     "type": "number",
                     "unit": "percentunit"
                  },
                  {
                     "alias": "Namespace",
                     "colorMode": null,
                     "colors": [ ],
                     "dateFormat": "YYYY-MM-DD HH:mm:ss",
                     "decimals": 2,
                     "link": true,
                     "linkTargetBlank": false,
                     "linkTooltip": "Drill down",
                     "linkUrl": "/d/490b402361724ab1d4c45666c1fa9b6f/k8s-resources-windows-namespace?var-datasource=$datasource&var-namespace=$__cell",
                     "pattern": "namespace",
                     "thresholds": [ ],
                     "type": "number",
                     "unit": "short"
                  },
                  {
                     "alias": "",
                     "colorMode": null,
                     "colors": [ ],
                     "dateFormat": "YYYY-MM-DD HH:mm:ss",
                     "decimals": 2,
                     "pattern": "/.*/",
                     "thresholds": [ ],
                     "type": "string",
                     "unit": "short"
                  }
               ],
               "targets": [
                  {
                     "expr": "sum(windows_container_private_working_set_usage{job=\"windows-exporter\", cluster = \"$cluster\"}) by (cluster, namespace)",
                     "format": "table",
                     "instant": true,
                     "intervalFactor": 2,
                     "legendFormat": "",
                     "refId": "A",
                     "step": 10
                  },
                  {
                     "expr": "sum(kube_pod_windows_container_resource_memory_request{cluster = \"$cluster\"}) by (cluster, namespace)",
                     "format": "table",
                     "instant": true,
                     "intervalFactor": 2,
                     "legendFormat": "",
                     "refId": "B",
                     "step": 10
                  },
                  {
                     "expr": "sum(windows_container_private_working_set_usage{job=\"windows-exporter\", cluster = \"$cluster\"}) by (cluster, namespace) / sum(kube_pod_windows_container_resource_memory_request{cluster = \"$cluster\"}) by (cluster, namespace)",
                     "format": "table",
                     "instant": true,
                     "intervalFactor": 2,
                     "legendFormat": "",
                     "refId": "C",
                     "step": 10
                  },
                  {
                     "expr": "sum(kube_pod_windows_container_resource_memory_limit{cluster = \"$cluster\"}) by (cluster, namespace)",
                     "format": "table",
                     "instant": true,
                     "intervalFactor": 2,
                     "legendFormat": "",
                     "refId": "D",
                     "step": 10
                  },
                  {
                     "expr": "sum(windows_container_private_working_set_usage{job=\"windows-exporter\", cluster = \"$cluster\"}) by (cluster, namespace) / sum(kube_pod_windows_container_resource_memory_limit{cluster = \"$cluster\"}) by (cluster, namespace)",
                     "format": "table",
                     "instant": true,
                     "intervalFactor": 2,
                     "legendFormat": "",
                     "refId": "E",
                     "step": 10
                  }
               ],
               "thresholds": [ ],
               "timeFrom": null,
               "timeShift": null,
               "title": "Requests by Namespace",
               "tooltip": {
                  "shared": true,
                  "sort": 2,
                  "value_type": "individual"
               },
               "transform": "table",
               "type": "table",
               "xaxis": {
                  "buckets": null,
                  "mode": "time",
                  "name": null,
                  "show": true,
                  "values": [ ]
               },
               "yaxes": [
                  {
                     "format": "short",
                     "label": null,
                     "logBase": 1,
                     "max": null,
                     "min": 0,
                     "show": true
                  },
                  {
                     "format": "short",
                     "label": null,
                     "logBase": 1,
                     "max": null,
                     "min": null,
                     "show": false
                  }
               ]
            }
         ],
         "repeat": null,
         "repeatIteration": null,
         "repeatRowId": null,
         "showTitle": true,
         "title": "Memory Requests",
         "titleSize": "h6"
      }
   ],
   "schemaVersion": 14,
   "style": "dark",
   "tags": [
      "kubernetes-mixin"
   ],
   "templating": {
      "list": [
         {
            "current": {
               "text": "default",
               "value": "default"
            },
            "hide": 0,
            "label": null,
            "name": "datasource",
            "options": [ ],
            "query": "prometheus",
            "refresh": 1,
            "regex": "",
            "type": "datasource"
         },
         {
            "allValue": null,
            "current": { },
            "datasource": "$datasource",
            "hide": 0,
            "includeAll": false,
            "label": "Cluster",
            "multi": false,
            "name": "cluster",
            "options": [ ],
            "query": "label_values(windows_system_system_up_time, cluster)",
            "refresh": 2,
            "regex": "",
            "sort": 1,
            "tagValuesQuery": "",
            "tags": [ ],
            "tagsQuery": "",
            "type": "query",
            "useTags": false
         }
      ]
   },
   "time": {
      "from": "now-1h",
      "to": "now"
   },
   "timepicker": {
      "refresh_intervals": [
         "5s",
         "10s",
         "30s",
         "1m",
         "5m",
         "15m",
         "30m",
         "1h",
         "2h",
         "1d"
      ],
      "time_options": [
         "5m",
         "15m",
         "1h",
         "6h",
         "12h",
         "24h",
         "2d",
         "7d",
         "30d"
      ]
   },
   "timezone": "browser",
   "title": "Kubernetes / Compute Resources / Cluster(Windows)",
   "uid": "6438557df4391b100730f2494bccaef3",
   "version": 0
}
