{
   "__inputs": [ ],
   "__requires": [ ],
   "annotations": {
      "list": [ ]
   },
   "editable": false,
   "gnetId": null,
   "graphTooltip": 0,
   "hideControls": false,
   "id": null,
   "links": [ ],
   "refresh": "1m",
   "rows": [
      {
         "collapse": false,
         "height": "250px",
         "panels": [
            {
               "aliasColors": { },
               "bars": false,
               "dashLength": 10,
               "dashes": false,
               "datasource": "$datasource",
               "fill": 10,
               "id": 2,
               "legend": {
                  "avg": false,
                  "current": false,
                  "max": false,
                  "min": false,
                  "show": true,
                  "total": false,
                  "values": false
               },
               "lines": true,
               "linewidth": 0,
               "links": [ ],
               "nullPointMode": "null as zero",
               "percentage": false,
               "pointradius": 5,
               "points": false,
               "renderer": "flot",
               "seriesOverrides": [ ],
               "spaceLength": 10,
               "span": 12,
               "stack": true,
               "steppedLine": false,
               "targets": [
                  {
                     "expr": "sum(namespace_pod_container:windows_container_cpu_usage_seconds_total:sum_rate{cluster=\"$cluster\", namespace=\"$namespace\", pod=\"$pod\"}) by (cluster, namespace, pod, container)",
                     "format": "time_series",
                     "intervalFactor": 2,
                     "legendFormat": "{{container}}",
                     "legendLink": null,
                     "step": 10
                  }
               ],
               "thresholds": [ ],
               "timeFrom": null,
               "timeShift": null,
               "title": "CPU Usage",
               "tooltip": {
                  "shared": true,
                  "sort": 2,
                  "value_type": "individual"
               },
               "type": "graph",
               "xaxis": {
                  "buckets": null,
                  "mode": "time",
                  "name": null,
                  "show": true,
                  "values": [ ]
               },
               "yaxes": [
                  {
                     "format": "short",
                     "label": null,
                     "logBase": 1,
                     "max": null,
                     "min": 0,
                     "show": true
                  },
                  {
                     "format": "short",
                     "label": null,
                     "logBase": 1,
                     "max": null,
                     "min": null,
                     "show": false
                  }
               ]
            }
         ],
         "repeat": null,
         "repeatIteration": null,
         "repeatRowId": null,
         "showTitle": true,
         "title": "CPU Usage",
         "titleSize": "h6"
      },
      {
         "collapse": false,
         "height": "250px",
         "panels": [
            {
               "aliasColors": { },
               "bars": false,
               "dashLength": 10,
               "dashes": false,
               "datasource": "$datasource",
               "fill": 1,
               "id": 3,
               "legend": {
                  "avg": false,
                  "current": false,
                  "max": false,
                  "min": false,
                  "show": true,
                  "total": false,
                  "values": false
               },
               "lines": true,
               "linewidth": 1,
               "links": [ ],
               "nullPointMode": "null as zero",
               "percentage": false,
               "pointradius": 5,
               "points": false,
               "renderer": "flot",
               "seriesOverrides": [ ],
               "spaceLength": 10,
               "span": 12,
               "stack": false,
               "steppedLine": false,
               "styles": [
                  {
                     "alias": "Time",
                     "dateFormat": "YYYY-MM-DD HH:mm:ss",
                     "pattern": "Time",
                     "type": "hidden"
                  },
                  {
                     "alias": "CPU Usage",
                     "colorMode": null,
                     "colors": [ ],
                     "dateFormat": "YYYY-MM-DD HH:mm:ss",
                     "decimals": 2,
                     "link": false,
                     "linkTargetBlank": false,
                     "linkTooltip": "Drill down",
                     "linkUrl": "",
                     "pattern": "Value #A",
                     "thresholds": [ ],
                     "type": "number",
                     "unit": "short"
                  },
                  {
                     "alias": "CPU Requests",
                     "colorMode": null,
                     "colors": [ ],
                     "dateFormat": "YYYY-MM-DD HH:mm:ss",
                     "decimals": 2,
                     "link": false,
                     "linkTargetBlank": false,
                     "linkTooltip": "Drill down",
                     "linkUrl": "",
                     "pattern": "Value #B",
                     "thresholds": [ ],
                     "type": "number",
                     "unit": "short"
                  },
                  {
                     "alias": "CPU Requests %",
                     "colorMode": null,
                     "colors": [ ],
                     "dateFormat": "YYYY-MM-DD HH:mm:ss",
                     "decimals": 2,
                     "link": false,
                     "linkTargetBlank": false,
                     "linkTooltip": "Drill down",
                     "linkUrl": "",
                     "pattern": "Value #C",
                     "thresholds": [ ],
                     "type": "number",
                     "unit": "percentunit"
                  },
                  {
                     "alias": "CPU Limits",
                     "colorMode": null,
                     "colors": [ ],
                     "dateFormat": "YYYY-MM-DD HH:mm:ss",
                     "decimals": 2,
                     "link": false,
                     "linkTargetBlank": false,
                     "linkTooltip": "Drill down",
                     "linkUrl": "",
                     "pattern": "Value #D",
                     "thresholds": [ ],
                     "type": "number",
                     "unit": "short"
                  },
                  {
                     "alias": "CPU Limits %",
                     "colorMode": null,
                     "colors": [ ],
                     "dateFormat": "YYYY-MM-DD HH:mm:ss",
                     "decimals": 2,
                     "link": false,
                     "linkTargetBlank": false,
                     "linkTooltip": "Drill down",
                     "linkUrl": "",
                     "pattern": "Value #E",
                     "thresholds": [ ],
                     "type": "number",
                     "unit": "percentunit"
                  },
                  {
                     "alias": "Container",
                     "colorMode": null,
                     "colors": [ ],
                     "dateFormat": "YYYY-MM-DD HH:mm:ss",
                     "decimals": 2,
                     "link": false,
                     "linkTargetBlank": false,
                     "linkTooltip": "Drill down",
                     "linkUrl": "",
                     "pattern": "container",
                     "thresholds": [ ],
                     "type": "number",
                     "unit": "short"
                  },
                  {
                     "alias": "",
                     "colorMode": null,
                     "colors": [ ],
                     "dateFormat": "YYYY-MM-DD HH:mm:ss",
                     "decimals": 2,
                     "pattern": "/.*/",
                     "thresholds": [ ],
                     "type": "string",
                     "unit": "short"
                  }
               ],
               "targets": [
                  {
                     "expr": "sum(namespace_pod_container:windows_container_cpu_usage_seconds_total:sum_rate{cluster=\"$cluster\", namespace=\"$namespace\", pod=\"$pod\"}) by (cluster, namespace, pod, container)",
                     "format": "table",
                     "instant": true,
                     "intervalFactor": 2,
                     "legendFormat": "",
                     "refId": "A",
                     "step": 10
                  },
                  {
                     "expr": "sum(kube_pod_windows_container_resource_cpu_cores_request{cluster=\"$cluster\", namespace=\"$namespace\", pod=\"$pod\"}) by (cluster, namespace, pod, container)",
                     "format": "table",
                     "instant": true,
                     "intervalFactor": 2,
                     "legendFormat": "",
                     "refId": "B",
                     "step": 10
                  },
                  {
                     "expr": "sum(namespace_pod_container:windows_container_cpu_usage_seconds_total:sum_rate{cluster=\"$cluster\", namespace=\"$namespace\", pod=\"$pod\"}) by (cluster, namespace, pod, container) / sum(kube_pod_windows_container_resource_cpu_cores_request{cluster=\"$cluster\", namespace=\"$namespace\", pod=\"$pod\"}) by (cluster, namespace, pod, container)",
                     "format": "table",
                     "instant": true,
                     "intervalFactor": 2,
                     "legendFormat": "",
                     "refId": "C",
                     "step": 10
                  },
                  {
                     "expr": "sum(kube_pod_windows_container_resource_cpu_cores_limit{cluster=\"$cluster\", namespace=\"$namespace\", pod=\"$pod\"}) by (cluster, namespace, pod, container)",
                     "format": "table",
                     "instant": true,
                     "intervalFactor": 2,
                     "legendFormat": "",
                     "refId": "D",
                     "step": 10
                  },
                  {
                     "expr": "sum(namespace_pod_container:windows_container_cpu_usage_seconds_total:sum_rate{cluster=\"$cluster\", namespace=\"$namespace\", pod=\"$pod\"}) by (cluster, namespace, pod, container) / sum(kube_pod_windows_container_resource_cpu_cores_limit{cluster=\"$cluster\", namespace=\"$namespace\", pod=\"$pod\"}) by (cluster, namespace, pod, container)",
                     "format": "table",
                     "instant": true,
                     "intervalFactor": 2,
                     "legendFormat": "",
                     "refId": "E",
                     "step": 10
                  }
               ],
               "thresholds": [ ],
               "timeFrom": null,
               "timeShift": null,
               "title": "CPU Quota",
               "tooltip": {
                  "shared": true,
                  "sort": 2,
                  "value_type": "individual"
               },
               "transform": "table",
               "type": "table",
               "xaxis": {
                  "buckets": null,
                  "mode": "time",
                  "name": null,
                  "show": true,
                  "values": [ ]
               },
               "yaxes": [
                  {
                     "format": "short",
                     "label": null,
                     "logBase": 1,
                     "max": null,
                     "min": 0,
                     "show": true
                  },
                  {
                     "format": "short",
                     "label": null,
                     "logBase": 1,
                     "max": null,
                     "min": null,
                     "show": false
                  }
               ]
            }
         ],
         "repeat": null,
         "repeatIteration": null,
         "repeatRowId": null,
         "showTitle": true,
         "title": "CPU Quota",
         "titleSize": "h6"
      },
      {
         "collapse": false,
         "height": "250px",
         "panels": [
            {
               "aliasColors": { },
               "bars": false,
               "dashLength": 10,
               "dashes": false,
               "datasource": "$datasource",
               "fill": 10,
               "id": 4,
               "legend": {
                  "avg": false,
                  "current": false,
                  "max": false,
                  "min": false,
                  "show": true,
                  "total": false,
                  "values": false
               },
               "lines": true,
               "linewidth": 0,
               "links": [ ],
               "nullPointMode": "null as zero",
               "percentage": false,
               "pointradius": 5,
               "points": false,
               "renderer": "flot",
               "seriesOverrides": [ ],
               "spaceLength": 10,
               "span": 12,
               "stack": true,
               "steppedLine": false,
               "targets": [
                  {
                     "expr": "sum(windows_container_private_working_set_usage{job=\"windows-exporter\", cluster=\"$cluster\", namespace=\"$namespace\", pod=\"$pod\"}) by (cluster, namespace, pod, container)",
                     "format": "time_series",
                     "intervalFactor": 2,
                     "legendFormat": "{{container}}",
                     "legendLink": null,
                     "step": 10
                  }
               ],
               "thresholds": [ ],
               "timeFrom": null,
               "timeShift": null,
               "title": "Memory Usage",
               "tooltip": {
                  "shared": true,
                  "sort": 2,
                  "value_type": "individual"
               },
               "type": "graph",
               "xaxis": {
                  "buckets": null,
                  "mode": "time",
                  "name": null,
                  "show": true,
                  "values": [ ]
               },
               "yaxes": [
                  {
                     "format": "short",
                     "label": null,
                     "logBase": 1,
                     "max": null,
                     "min": 0,
                     "show": true
                  },
                  {
                     "format": "short",
                     "label": null,
                     "logBase": 1,
                     "max": null,
                     "min": null,
                     "show": false
                  }
               ]
            }
         ],
         "repeat": null,
         "repeatIteration": null,
         "repeatRowId": null,
         "showTitle": true,
         "title": "Memory Usage",
         "titleSize": "h6"
      },
      {
         "collapse": false,
         "height": "250px",
         "panels": [
            {
               "aliasColors": { },
               "bars": false,
               "dashLength": 10,
               "dashes": false,
               "datasource": "$datasource",
               "fill": 1,
               "id": 5,
               "legend": {
                  "avg": false,
                  "current": false,
                  "max": false,
                  "min": false,
                  "show": true,
                  "total": false,
                  "values": false
               },
               "lines": true,
               "linewidth": 1,
               "links": [ ],
               "nullPointMode": "null as zero",
               "percentage": false,
               "pointradius": 5,
               "points": false,
               "renderer": "flot",
               "seriesOverrides": [ ],
               "spaceLength": 10,
               "span": 12,
               "stack": false,
               "steppedLine": false,
               "styles": [
                  {
                     "alias": "Time",
                     "dateFormat": "YYYY-MM-DD HH:mm:ss",
                     "pattern": "Time",
                     "type": "hidden"
                  },
                  {
                     "alias": "Memory Usage",
                     "colorMode": null,
                     "colors": [ ],
                     "dateFormat": "YYYY-MM-DD HH:mm:ss",
                     "decimals": 2,
                     "link": false,
                     "linkTargetBlank": false,
                     "linkTooltip": "Drill down",
                     "linkUrl": "",
                     "pattern": "Value #A",
                     "thresholds": [ ],
                     "type": "number",
                     "unit": "decbytes"
                  },
                  {
                     "alias": "Memory Requests",
                     "colorMode": null,
                     "colors": [ ],
                     "dateFormat": "YYYY-MM-DD HH:mm:ss",
                     "decimals": 2,
                     "link": false,
                     "linkTargetBlank": false,
                     "linkTooltip": "Drill down",
                     "linkUrl": "",
                     "pattern": "Value #B",
                     "thresholds": [ ],
                     "type": "number",
                     "unit": "decbytes"
                  },
                  {
                     "alias": "Memory Requests %",
                     "colorMode": null,
                     "colors": [ ],
                     "dateFormat": "YYYY-MM-DD HH:mm:ss",
                     "decimals": 2,
                     "link": false,
                     "linkTargetBlank": false,
                     "linkTooltip": "Drill down",
                     "linkUrl": "",
                     "pattern": "Value #C",
                     "thresholds": [ ],
                     "type": "number",
                     "unit": "percentunit"
                  },
                  {
                     "alias": "Memory Limits",
                     "colorMode": null,
                     "colors": [ ],
                     "dateFormat": "YYYY-MM-DD HH:mm:ss",
                     "decimals": 2,
                     "link": false,
                     "linkTargetBlank": false,
                     "linkTooltip": "Drill down",
                     "linkUrl": "",
                     "pattern": "Value #D",
                     "thresholds": [ ],
                     "type": "number",
                     "unit": "decbytes"
                  },
                  {
                     "alias": "Memory Limits %",
                     "colorMode": null,
                     "colors": [ ],
                     "dateFormat": "YYYY-MM-DD HH:mm:ss",
                     "decimals": 2,
                     "link": false,
                     "linkTargetBlank": false,
                     "linkTooltip": "Drill down",
                     "linkUrl": "",
                     "pattern": "Value #E",
                     "thresholds": [ ],
                     "type": "number",
                     "unit": "percentunit"
                  },
                  {
                     "alias": "Container",
                     "colorMode": null,
                     "colors": [ ],
                     "dateFormat": "YYYY-MM-DD HH:mm:ss",
                     "decimals": 2,
                     "link": false,
                     "linkTargetBlank": false,
                     "linkTooltip": "Drill down",
                     "linkUrl": "",
                     "pattern": "container",
                     "thresholds": [ ],
                     "type": "number",
                     "unit": "short"
                  },
                  {
                     "alias": "",
                     "colorMode": null,
                     "colors": [ ],
                     "dateFormat": "YYYY-MM-DD HH:mm:ss",
                     "decimals": 2,
                     "pattern": "/.*/",
                     "thresholds": [ ],
                     "type": "string",
                     "unit": "short"
                  }
               ],
               "targets": [
                  {
                     "expr": "sum(windows_container_private_working_set_usage{job=\"windows-exporter\", cluster=\"$cluster\", namespace=\"$namespace\", pod=\"$pod\"}) by (cluster, namespace, pod, container)",
                     "format": "table",
                     "instant": true,
                     "intervalFactor": 2,
                     "legendFormat": "",
                     "refId": "A",
                     "step": 10
                  },
                  {
                     "expr": "sum(kube_pod_windows_container_resource_memory_request{cluster=\"$cluster\", namespace=\"$namespace\", pod=\"$pod\"}) by (cluster, namespace, pod, container)",
                     "format": "table",
                     "instant": true,
                     "intervalFactor": 2,
                     "legendFormat": "",
                     "refId": "B",
                     "step": 10
                  },
                  {
                     "expr": "sum(windows_container_private_working_set_usage{job=\"windows-exporter\", cluster=\"$cluster\", namespace=\"$namespace\", pod=\"$pod\"}) by (cluster, namespace, pod, container) / sum(kube_pod_windows_container_resource_memory_request{cluster=\"$cluster\", namespace=\"$namespace\", pod=\"$pod\"}) by (cluster, namespace, pod, container)",
                     "format": "table",
                     "instant": true,
                     "intervalFactor": 2,
                     "legendFormat": "",
                     "refId": "C",
                     "step": 10
                  },
                  {
                     "expr": "sum(kube_pod_windows_container_resource_memory_limit{cluster=\"$cluster\", namespace=\"$namespace\", pod=\"$pod\"}) by (cluster, namespace, pod, container)",
                     "format": "table",
                     "instant": true,
                     "intervalFactor": 2,
                     "legendFormat": "",
                     "refId": "D",
                     "step": 10
                  },
                  {
                     "expr": "sum(windows_container_private_working_set_usage{job=\"windows-exporter\", cluster=\"$cluster\", namespace=\"$namespace\", pod=\"$pod\"}) by (cluster, namespace, pod, container) / sum(kube_pod_windows_container_resource_memory_limit{cluster=\"$cluster\", namespace=\"$namespace\", pod=\"$pod\"}) by (cluster, namespace, pod, container)",
                     "format": "table",
                     "instant": true,
                     "intervalFactor": 2,
                     "legendFormat": "",
                     "refId": "E",
                     "step": 10
                  }
               ],
               "thresholds": [ ],
               "timeFrom": null,
               "timeShift": null,
               "title": "Memory Quota",
               "tooltip": {
                  "shared": true,
                  "sort": 2,
                  "value_type": "individual"
               },
               "transform": "table",
               "type": "table",
               "xaxis": {
                  "buckets": null,
                  "mode": "time",
                  "name": null,
                  "show": true,
                  "values": [ ]
               },
               "yaxes": [
                  {
                     "format": "short",
                     "label": null,
                     "logBase": 1,
                     "max": null,
                     "min": 0,
                     "show": true
                  },
                  {
                     "format": "short",
                     "label": null,
                     "logBase": 1,
                     "max": null,
                     "min": null,
                     "show": false
                  }
               ]
            }
         ],
         "repeat": null,
         "repeatIteration": null,
         "repeatRowId": null,
         "showTitle": true,
         "title": "Memory Quota",
         "titleSize": "h6"
      },
      {
         "collapse": false,
         "height": "250px",
         "panels": [
            {
               "aliasColors": { },
               "bars": false,
               "dashLength": 10,
               "dashes": false,
               "datasource": "$datasource",
               "fill": 1,
               "fillGradient": 0,
               "id": 6,
               "legend": {
                  "alignAsTable": true,
                  "avg": true,
                  "current": true,
                  "max": false,
                  "min": false,
                  "rightSide": true,
                  "show": true,
                  "sideWidth": null,
                  "total": false,
                  "values": false
               },
               "lines": true,
               "linewidth": 1,
               "links": [ ],
               "nullPointMode": "null",
               "percentage": false,
               "pointradius": 5,
               "points": false,
               "renderer": "flot",
               "repeat": null,
               "seriesOverrides": [ ],
               "spaceLength": 10,
               "span": 12,
               "stack": false,
               "steppedLine": false,
               "targets": [
                  {
                     "expr": "sort_desc(sum by (container) (rate(windows_container_network_received_bytes_total{job=\"windows-exporter\", cluster = \"$cluster\", namespace=\"$namespace\", pod=\"$pod\"}[3m])))",
                     "format": "time_series",
                     "intervalFactor": 2,
                     "legendFormat": "Received : {{ container }}",
                     "refId": "A"
                  },
                  {
                     "expr": "sort_desc(sum by (container) (rate(windows_container_network_transmitted_bytes_total{job=\"windows-exporter\", cluster = \"$cluster\", namespace=\"$namespace\", pod=\"$pod\"}[3m])))",
                     "format": "time_series",
                     "intervalFactor": 2,
                     "legendFormat": "Transmitted : {{ container }}",
                     "refId": "B"
                  }
               ],
               "thresholds": [ ],
               "timeFrom": null,
               "timeShift": null,
               "title": "Network I/O",
               "tooltip": {
                  "shared": true,
                  "sort": 0,
                  "value_type": "individual"
               },
               "type": "graph",
               "xaxis": {
                  "buckets": null,
                  "mode": "time",
                  "name": null,
                  "show": true,
                  "values": [ ]
               },
               "yaxes": [
                  {
                     "format": "bytes",
                     "label": null,
                     "logBase": 1,
                     "max": null,
                     "min": 0,
                     "show": true
                  },
                  {
                     "format": "bytes",
                     "label": null,
                     "logBase": 1,
                     "max": null,
                     "min": 0,
                     "show": true
                  }
               ]
            }
         ],
         "repeat": null,
         "repeatIteration": null,
         "repeatRowId": null,
         "showTitle": true,
         "title": "Network I/O",
         "titleSize": "h6"
      }
   ],
   "schemaVersion": 14,
   "style": "dark",
   "tags": [
      "kubernetes-mixin"
   ],
   "templating": {
      "list": [
         {
            "current": {
               "text": "default",
               "value": "default"
            },
            "hide": 0,
            "label": null,
            "name": "datasource",
            "options": [ ],
            "query": "prometheus",
            "refresh": 1,
            "regex": "",
            "type": "datasource"
         },
         {
            "allValue": null,
            "current": { },
            "datasource": "$datasource",
            "hide": 0,
            "includeAll": false,
            "label": "Cluster",
            "multi": false,
            "name": "cluster",
            "options": [ ],
            "query": "label_values(windows_system_system_up_time, cluster)",
            "refresh": 2,
            "regex": "",
            "sort": 1,
            "tagValuesQuery": "",
            "tags": [ ],
            "tagsQuery": "",
            "type": "query",
            "useTags": false
         },
         {
            "allValue": null,
            "current": { },
            "datasource": "$datasource",
            "hide": 0,
            "includeAll": false,
            "label": "Namespace",
            "multi": false,
            "name": "namespace",
            "options": [ ],
            "query": "label_values(windows_pod_container_available{cluster = \"$cluster\"}, namespace)",
            "refresh": 2,
            "regex": "",
            "sort": 1,
            "tagValuesQuery": "",
            "tags": [ ],
            "tagsQuery": "",
            "type": "query",
            "useTags": false
         },
         {
            "allValue": null,
            "current": { },
            "datasource": "$datasource",
            "hide": 0,
            "includeAll": false,
            "label": "Pod",
            "multi": false,
            "name": "pod",
            "options": [ ],
            "query": "label_values(windows_pod_container_available{cluster = \"$cluster\", namespace = \"$namespace\"}, pod)",
            "refresh": 2,
            "regex": "",
            "sort": 1,
            "tagValuesQuery": "",
            "tags": [ ],
            "tagsQuery": "",
            "type": "query",
            "useTags": false
         }
      ]
   },
   "time": {
      "from": "now-1h",
      "to": "now"
   },
   "timepicker": {
      "refresh_intervals": [
         "5s",
         "10s",
         "30s",
         "1m",
         "5m",
         "15m",
         "30m",
         "1h",
         "2h",
         "1d"
      ],
      "time_options": [
         "5m",
         "15m",
         "1h",
         "6h",
         "12h",
         "24h",
         "2d",
         "7d",
         "30d"
      ]
   },
   "timezone": "browser",
   "title": "Kubernetes / Compute Resources / Pod(Windows)",
   "uid": "56497a7ea5610e936dc6ed374a7ce2e1",
   "version": 0
}
