{
  "__inputs": [ ],
  "__requires": [ ],
  "annotations": {
     "list": [ ]
  },
  "editable": false,
  "gnetId": null,
  "graphTooltip": 0,
  "hideControls": false,
  "id": null,
  "links": [ ],
  "refresh": "1m",
  "rows": [
     {
        "collapse": false,
        "height": "250px",
        "panels": [
           {
              "aliasColors": { },
              "bars": false,
              "dashLength": 10,
              "dashes": false,
              "datasource": "$datasource",
              "fill": 1,
              "id": 2,
              "legend": {
                 "avg": false,
                 "current": false,
                 "max": false,
                 "min": false,
                 "show": true,
                 "total": false,
                 "values": false
              },
              "lines": true,
              "linewidth": 1,
              "links": [ ],
              "nullPointMode": "null as zero",
              "percentage": false,
              "pointradius": 5,
              "points": false,
              "renderer": "flot",
              "seriesOverrides": [ ],
              "spaceLength": 10,
              "span": 6,
              "stack": false,
              "steppedLine": false,
              "targets": [
                 {
                    "expr": "node:windows_node_cpu_utilisation:avg3m{job=\"windows-exporter\", cluster=\"$cluster\", instance=\"$instance\"}",
                    "format": "time_series",
                    "intervalFactor": 2,
                    "legendFormat": "Utilisation",
                    "legendLink": null,
                    "step": 10
                 }
              ],
              "thresholds": [ ],
              "timeFrom": null,
              "timeShift": null,
              "title": "CPU Utilisation",
              "tooltip": {
                 "shared": true,
                 "sort": 2,
                 "value_type": "individual"
              },
              "type": "graph",
              "xaxis": {
                 "buckets": null,
                 "mode": "time",
                 "name": null,
                 "show": true,
                 "values": [ ]
              },
              "yaxes": [
                 {
                    "format": "percentunit",
                    "label": null,
                    "logBase": 1,
                    "max": null,
                    "min": 0,
                    "show": true
                 },
                 {
                    "format": "short",
                    "label": null,
                    "logBase": 1,
                    "max": null,
                    "min": null,
                    "show": false
                 }
              ]
           },
           {
              "aliasColors": { },
              "bars": false,
              "dashLength": 10,
              "dashes": false,
              "datasource": "$datasource",
              "fill": 1,
              "id": 3,
              "legend": {
                 "avg": false,
                 "current": false,
                 "max": false,
                 "min": false,
                 "show": true,
                 "total": false,
                 "values": false
              },
              "lines": true,
              "linewidth": 1,
              "links": [ ],
              "nullPointMode": "null as zero",
              "percentage": false,
              "pointradius": 5,
              "points": false,
              "renderer": "flot",
              "seriesOverrides": [ ],
              "spaceLength": 10,
              "span": 6,
              "stack": false,
              "steppedLine": false,
              "targets": [
                 {
                    "expr": "sum by (core) (irate(windows_cpu_time_total{job=\"windows-exporter\", mode!=\"idle\", instance=\"$instance\"}[5m]))",
                    "format": "time_series",
                    "intervalFactor": 2,
                    "legendFormat": "{{core}}",
                    "legendLink": null,
                    "step": 10
                 }
              ],
              "thresholds": [ ],
              "timeFrom": null,
              "timeShift": null,
              "title": "CPU Usage Per Core",
              "tooltip": {
                 "shared": true,
                 "sort": 2,
                 "value_type": "individual"
              },
              "type": "graph",
              "xaxis": {
                 "buckets": null,
                 "mode": "time",
                 "name": null,
                 "show": true,
                 "values": [ ]
              },
              "yaxes": [
                 {
                    "format": "percentunit",
                    "label": null,
                    "logBase": 1,
                    "max": null,
                    "min": 0,
                    "show": true
                 },
                 {
                    "format": "short",
                    "label": null,
                    "logBase": 1,
                    "max": null,
                    "min": null,
                    "show": false
                 }
              ]
           }
        ],
        "repeat": null,
        "repeatIteration": null,
        "repeatRowId": null,
        "showTitle": true,
        "title": "CPU",
        "titleSize": "h6"
     },
     {
        "collapse": false,
        "height": "250px",
        "panels": [
           {
              "aliasColors": { },
              "bars": false,
              "dashLength": 10,
              "dashes": false,
              "datasource": "$datasource",
              "fill": 1,
              "id": 4,
              "legend": {
                 "avg": false,
                 "current": false,
                 "max": false,
                 "min": false,
                 "show": true,
                 "total": false,
                 "values": false
              },
              "lines": true,
              "linewidth": 1,
              "links": [ ],
              "nullPointMode": "null as zero",
              "percentage": false,
              "pointradius": 5,
              "points": false,
              "renderer": "flot",
              "seriesOverrides": [ ],
              "spaceLength": 10,
              "span": 4,
              "stack": false,
              "steppedLine": false,
              "targets": [
                 {
                    "expr": "node:windows_node_memory_utilisation:{job=\"windows-exporter\", cluster=\"$cluster\", instance=\"$instance\"}",
                    "format": "time_series",
                    "intervalFactor": 2,
                    "legendFormat": "Memory",
                    "legendLink": null,
                    "step": 10
                 }
              ],
              "thresholds": [ ],
              "timeFrom": null,
              "timeShift": null,
              "title": "Memory Utilisation %",
              "tooltip": {
                 "shared": true,
                 "sort": 2,
                 "value_type": "individual"
              },
              "type": "graph",
              "xaxis": {
                 "buckets": null,
                 "mode": "time",
                 "name": null,
                 "show": true,
                 "values": [ ]
              },
              "yaxes": [
                 {
                    "format": "percentunit",
                    "label": null,
                    "logBase": 1,
                    "max": null,
                    "min": 0,
                    "show": true
                 },
                 {
                    "format": "short",
                    "label": null,
                    "logBase": 1,
                    "max": null,
                    "min": null,
                    "show": false
                 }
              ]
           },
           {
              "aliasColors": { },
              "bars": false,
              "dashLength": 10,
              "dashes": false,
              "datasource": "$datasource",
              "fill": 1,
              "fillGradient": 0,
              "id": 5,
              "legend": {
                 "alignAsTable": false,
                 "avg": false,
                 "current": false,
                 "max": false,
                 "min": false,
                 "rightSide": false,
                 "show": true,
                 "sideWidth": null,
                 "total": false,
                 "values": false
              },
              "lines": true,
              "linewidth": 1,
              "links": [ ],
              "nullPointMode": "null",
              "percentage": false,
              "pointradius": 5,
              "points": false,
              "renderer": "flot",
              "repeat": null,
              "seriesOverrides": [ ],
              "spaceLength": 10,
              "span": 4,
              "stack": false,
              "steppedLine": false,
              "targets": [
                 {
                    "expr": "max(\n  windows_os_visible_memory_bytes{job=\"windows-exporter\", cluster=\"$cluster\", instance=\"$instance\"}\n  - windows_memory_available_bytes{job=\"windows-exporter\", cluster=\"$cluster\", instance=\"$instance\"}\n)\n",
                    "format": "time_series",
                    "intervalFactor": 2,
                    "legendFormat": "memory used",
                    "refId": "A"
                 },
                 {
                    "expr": "max(node:windows_node_memory_totalCached_bytes:sum{job=\"windows-exporter\", cluster=\"$cluster\", instance=\"$instance\"})",
                    "format": "time_series",
                    "intervalFactor": 2,
                    "legendFormat": "memory cached",
                    "refId": "B"
                 },
                 {
                    "expr": "max(windows_memory_available_bytes{job=\"windows-exporter\", cluster=\"$cluster\", instance=\"$instance\"})",
                    "format": "time_series",
                    "intervalFactor": 2,
                    "legendFormat": "memory free",
                    "refId": "C"
                 }
              ],
              "thresholds": [ ],
              "timeFrom": null,
              "timeShift": null,
              "title": "Memory Usage",
              "tooltip": {
                 "shared": true,
                 "sort": 0,
                 "value_type": "individual"
              },
              "type": "graph",
              "xaxis": {
                 "buckets": null,
                 "mode": "time",
                 "name": null,
                 "show": true,
                 "values": [ ]
              },
              "yaxes": [
                 {
                    "format": "bytes",
                    "label": null,
                    "logBase": 1,
                    "max": null,
                    "min": null,
                    "show": true
                 },
                 {
                    "format": "bytes",
                    "label": null,
                    "logBase": 1,
                    "max": null,
                    "min": null,
                    "show": true
                 }
              ]
           },
           {
              "aliasColors": { },
              "bars": false,
              "dashLength": 10,
              "dashes": false,
              "datasource": "$datasource",
              "fill": 1,
              "id": 6,
              "legend": {
                 "avg": false,
                 "current": false,
                 "max": false,
                 "min": false,
                 "show": true,
                 "total": false,
                 "values": false
              },
              "lines": true,
              "linewidth": 1,
              "links": [ ],
              "nullPointMode": "null as zero",
              "percentage": false,
              "pointradius": 5,
              "points": false,
              "renderer": "flot",
              "seriesOverrides": [ ],
              "spaceLength": 10,
              "span": 4,
              "stack": false,
              "steppedLine": false,
              "targets": [
                 {
                    "expr": "node:windows_node_memory_swap_io_pages:irate{job=\"windows-exporter\", cluster=\"$cluster\", instance=\"$instance\"}",
                    "format": "time_series",
                    "intervalFactor": 2,
                    "legendFormat": "Swap IO",
                    "legendLink": null,
                    "step": 10
                 }
              ],
              "thresholds": [ ],
              "timeFrom": null,
              "timeShift": null,
              "title": "Memory Saturation (Swap I/O) Pages",
              "tooltip": {
                 "shared": true,
                 "sort": 2,
                 "value_type": "individual"
              },
              "type": "graph",
              "xaxis": {
                 "buckets": null,
                 "mode": "time",
                 "name": null,
                 "show": true,
                 "values": [ ]
              },
              "yaxes": [
                 {
                    "format": "short",
                    "label": null,
                    "logBase": 1,
                    "max": null,
                    "min": 0,
                    "show": true
                 },
                 {
                    "format": "short",
                    "label": null,
                    "logBase": 1,
                    "max": null,
                    "min": null,
                    "show": false
                 }
              ]
           }
        ],
        "repeat": null,
        "repeatIteration": null,
        "repeatRowId": null,
        "showTitle": true,
        "title": "Memory",
        "titleSize": "h6"
     },
     {
        "collapse": false,
        "height": "250px",
        "panels": [
           {
              "aliasColors": { },
              "bars": false,
              "dashLength": 10,
              "dashes": false,
              "datasource": "$datasource",
              "fill": 1,
              "id": 7,
              "legend": {
                 "avg": false,
                 "current": false,
                 "max": false,
                 "min": false,
                 "show": true,
                 "total": false,
                 "values": false
              },
              "lines": true,
              "linewidth": 1,
              "links": [ ],
              "nullPointMode": "null as zero",
              "percentage": false,
              "pointradius": 5,
              "points": false,
              "renderer": "flot",
              "seriesOverrides": [ ],
              "spaceLength": 10,
              "span": 6,
              "stack": false,
              "steppedLine": false,
              "targets": [
                 {
                    "expr": "node:windows_node_disk_utilisation:avg_irate{job=\"windows-exporter\", cluster=\"$cluster\", instance=\"$instance\"}",
                    "format": "time_series",
                    "intervalFactor": 2,
                    "legendFormat": "Utilisation",
                    "legendLink": null,
                    "step": 10
                 }
              ],
              "thresholds": [ ],
              "timeFrom": null,
              "timeShift": null,
              "title": "Disk IO Utilisation",
              "tooltip": {
                 "shared": true,
                 "sort": 2,
                 "value_type": "individual"
              },
              "type": "graph",
              "xaxis": {
                 "buckets": null,
                 "mode": "time",
                 "name": null,
                 "show": true,
                 "values": [ ]
              },
              "yaxes": [
                 {
                    "format": "percentunit",
                    "label": null,
                    "logBase": 1,
                    "max": null,
                    "min": 0,
                    "show": true
                 },
                 {
                    "format": "short",
                    "label": null,
                    "logBase": 1,
                    "max": null,
                    "min": null,
                    "show": false
                 }
              ]
           },
           {
              "aliasColors": { },
              "bars": false,
              "dashLength": 10,
              "dashes": false,
              "datasource": "$datasource",
              "fill": 1,
              "fillGradient": 0,
              "id": 8,
              "legend": {
                 "alignAsTable": false,
                 "avg": false,
                 "current": false,
                 "max": false,
                 "min": false,
                 "rightSide": false,
                 "show": true,
                 "sideWidth": null,
                 "total": false,
                 "values": false
              },
              "lines": true,
              "linewidth": 1,
              "links": [ ],
              "nullPointMode": "null",
              "percentage": false,
              "pointradius": 5,
              "points": false,
              "renderer": "flot",
              "repeat": null,
              "seriesOverrides": [
                 {
                    "alias": "read",
                    "yaxis": 1
                 },
                 {
                    "alias": "io time",
                    "yaxis": 2
                 }
              ],
              "spaceLength": 10,
              "span": 6,
              "stack": false,
              "steppedLine": false,
              "targets": [
                 {
                    "expr": "max(rate(windows_logical_disk_read_bytes_total{job=\"windows-exporter\", cluster=\"$cluster\", instance=\"$instance\"}[3m]))",
                    "format": "time_series",
                    "intervalFactor": 2,
                    "legendFormat": "read",
                    "refId": "A"
                 },
                 {
                    "expr": "max(rate(windows_logical_disk_write_bytes_total{job=\"windows-exporter\", cluster=\"$cluster\", instance=\"$instance\"}[3m]))",
                    "format": "time_series",
                    "intervalFactor": 2,
                    "legendFormat": "written",
                    "refId": "B"
                 },
                 {
                    "expr": "max(rate(windows_logical_disk_read_seconds_total{job=\"windows-exporter\", cluster=\"$cluster\", instance=\"$instance\"}[3m]) + rate(windows_logical_disk_write_seconds_total{job=\"windows-exporter\", cluster=\"$cluster\", instance=\"$instance\"}[3m]))",
                    "format": "time_series",
                    "intervalFactor": 2,
                    "legendFormat": "io time",
                    "refId": "C"
                 }
              ],
              "thresholds": [ ],
              "timeFrom": null,
              "timeShift": null,
              "title": "Disk I/O",
              "tooltip": {
                 "shared": true,
                 "sort": 0,
                 "value_type": "individual"
              },
              "type": "graph",
              "xaxis": {
                 "buckets": null,
                 "mode": "time",
                 "name": null,
                 "show": true,
                 "values": [ ]
              },
              "yaxes": [
                 {
                    "format": "bytes",
                    "label": null,
                    "logBase": 1,
                    "max": null,
                    "min": null,
                    "show": true
                 },
                 {
                    "format": "ms",
                    "label": null,
                    "logBase": 1,
                    "max": null,
                    "min": null,
                    "show": true
                 }
              ]
           }
        ],
        "repeat": null,
        "repeatIteration": null,
        "repeatRowId": null,
        "showTitle": true,
        "title": "Disk",
        "titleSize": "h6"
     },
     {
        "collapse": false,
        "height": "250px",
        "panels": [
           {
              "aliasColors": { },
              "bars": false,
              "dashLength": 10,
              "dashes": false,
              "datasource": "$datasource",
              "fill": 1,
              "id": 9,
              "legend": {
                 "avg": false,
                 "current": false,
                 "max": false,
                 "min": false,
                 "show": true,
                 "total": false,
                 "values": false
              },
              "lines": true,
              "linewidth": 1,
              "links": [ ],
              "nullPointMode": "null as zero",
              "percentage": false,
              "pointradius": 5,
              "points": false,
              "renderer": "flot",
              "seriesOverrides": [ ],
              "spaceLength": 10,
              "span": 6,
              "stack": false,
              "steppedLine": false,
              "targets": [
                 {
                    "expr": "node:windows_node_net_utilisation:sum_irate{job=\"windows-exporter\", cluster=\"$cluster\", instance=\"$instance\"}",
                    "format": "time_series",
                    "intervalFactor": 2,
                    "legendFormat": "Utilisation",
                    "legendLink": null,
                    "step": 10
                 }
              ],
              "thresholds": [ ],
              "timeFrom": null,
              "timeShift": null,
              "title": "Net Utilisation (Transmitted)",
              "tooltip": {
                 "shared": true,
                 "sort": 2,
                 "value_type": "individual"
              },
              "type": "graph",
              "xaxis": {
                 "buckets": null,
                 "mode": "time",
                 "name": null,
                 "show": true,
                 "values": [ ]
              },
              "yaxes": [
                 {
                    "format": "Bps",
                    "label": null,
                    "logBase": 1,
                    "max": null,
                    "min": 0,
                    "show": true
                 },
                 {
                    "format": "short",
                    "label": null,
                    "logBase": 1,
                    "max": null,
                    "min": null,
                    "show": false
                 }
              ]
           },
           {
              "aliasColors": { },
              "bars": false,
              "dashLength": 10,
              "dashes": false,
              "datasource": "$datasource",
              "fill": 1,
              "id": 10,
              "legend": {
                 "avg": false,
                 "current": false,
                 "max": false,
                 "min": false,
                 "show": true,
                 "total": false,
                 "values": false
              },
              "lines": true,
              "linewidth": 1,
              "links": [ ],
              "nullPointMode": "null as zero",
              "percentage": false,
              "pointradius": 5,
              "points": false,
              "renderer": "flot",
              "seriesOverrides": [ ],
              "spaceLength": 10,
              "span": 6,
              "stack": false,
              "steppedLine": false,
              "targets": [
                 {
                    "expr": "node:windows_node_net_saturation:sum_irate{job=\"windows-exporter\", cluster=\"$cluster\", instance=\"$instance\"}",
                    "format": "time_series",
                    "intervalFactor": 2,
                    "legendFormat": "Saturation",
                    "legendLink": null,
                    "step": 10
                 }
              ],
              "thresholds": [ ],
              "timeFrom": null,
              "timeShift": null,
              "title": "Net Saturation (Dropped)",
              "tooltip": {
                 "shared": true,
                 "sort": 2,
                 "value_type": "individual"
              },
              "type": "graph",
              "xaxis": {
                 "buckets": null,
                 "mode": "time",
                 "name": null,
                 "show": true,
                 "values": [ ]
              },
              "yaxes": [
                 {
                    "format": "Bps",
                    "label": null,
                    "logBase": 1,
                    "max": null,
                    "min": 0,
                    "show": true
                 },
                 {
                    "format": "short",
                    "label": null,
                    "logBase": 1,
                    "max": null,
                    "min": null,
                    "show": false
                 }
              ]
           }
        ],
        "repeat": null,
        "repeatIteration": null,
        "repeatRowId": null,
        "showTitle": true,
        "title": "Net",
        "titleSize": "h6"
     },
     {
        "collapse": false,
        "height": "250px",
        "panels": [
           {
              "aliasColors": { },
              "bars": false,
              "dashLength": 10,
              "dashes": false,
              "datasource": "$datasource",
              "fill": 1,
              "id": 11,
              "legend": {
                 "avg": false,
                 "current": false,
                 "max": false,
                 "min": false,
                 "show": true,
                 "total": false,
                 "values": false
              },
              "lines": true,
              "linewidth": 1,
              "links": [ ],
              "nullPointMode": "null as zero",
              "percentage": false,
              "pointradius": 5,
              "points": false,
              "renderer": "flot",
              "seriesOverrides": [ ],
              "spaceLength": 10,
              "span": 12,
              "stack": false,
              "steppedLine": false,
              "targets": [
                 {
                    "expr": "node:windows_node_filesystem_usage:{job=\"windows-exporter\", cluster=\"$cluster\", instance=\"$instance\"}\n",
                    "format": "time_series",
                    "intervalFactor": 2,
                    "legendFormat": "{{volume}}",
                    "legendLink": null,
                    "step": 10
                 }
              ],
              "thresholds": [ ],
              "timeFrom": null,
              "timeShift": null,
              "title": "Disk Utilisation",
              "tooltip": {
                 "shared": true,
                 "sort": 2,
                 "value_type": "individual"
              },
              "type": "graph",
              "xaxis": {
                 "buckets": null,
                 "mode": "time",
                 "name": null,
                 "show": true,
                 "values": [ ]
              },
              "yaxes": [
                 {
                    "format": "percentunit",
                    "label": null,
                    "logBase": 1,
                    "max": null,
                    "min": 0,
                    "show": true
                 },
                 {
                    "format": "short",
                    "label": null,
                    "logBase": 1,
                    "max": null,
                    "min": null,
                    "show": false
                 }
              ]
           }
        ],
        "repeat": null,
        "repeatIteration": null,
        "repeatRowId": null,
        "showTitle": true,
        "title": "Disk",
        "titleSize": "h6"
     }
  ],
  "schemaVersion": 14,
  "style": "dark",
  "tags": [
     "kubernetes-mixin"
  ],
  "templating": {
     "list": [
        {
           "current": {
              "text": "default",
              "value": "default"
           },
           "hide": 0,
           "label": null,
           "name": "datasource",
           "options": [ ],
           "query": "prometheus",
           "refresh": 1,
           "regex": "",
           "type": "datasource"
        },
        {
           "allValue": null,
           "current": { },
           "datasource": "$datasource",
           "hide": 0,
           "includeAll": false,
           "label": "Cluster",
           "multi": false,
           "name": "cluster",
           "options": [ ],
           "query": "label_values(windows_system_system_up_time, cluster)",
           "refresh": 2,
           "regex": "",
           "sort": 1,
           "tagValuesQuery": "",
           "tags": [ ],
           "tagsQuery": "",
           "type": "query",
           "useTags": false
        },
        {
           "allValue": null,
           "current": { },
           "datasource": "$datasource",
           "hide": 0,
           "includeAll": false,
           "label": "Instance",
           "multi": false,
           "name": "instance",
           "options": [ ],
           "query": "label_values(windows_system_system_up_time{cluster = \"$cluster\"}, instance)",
           "refresh": 2,
           "regex": "",
           "sort": 1,
           "tagValuesQuery": "",
           "tags": [ ],
           "tagsQuery": "",
           "type": "query",
           "useTags": false
        }
     ]
  },
  "time": {
     "from": "now-1h",
     "to": "now"
  },
  "timepicker": {
     "refresh_intervals": [
        "5s",
        "10s",
        "30s",
        "1m",
        "5m",
        "15m",
        "30m",
        "1h",
        "2h",
        "1d"
     ],
     "time_options": [
        "5m",
        "15m",
        "1h",
        "6h",
        "12h",
        "24h",
        "2d",
        "7d",
        "30d"
     ]
  },
  "timezone": "browser",
  "title": "Kubernetes / USE Method / Node(Windows)",
  "uid": "YCBDf1I7k",
  "version": 0
}
