{
  "__inputs": [ ],
  "__requires": [ ],
  "annotations": {
     "list": [ ]
  },
  "editable": false,
  "gnetId": null,
  "graphTooltip": 0,
  "hideControls": false,
  "id": null,
  "links": [ ],
  "refresh": "1m",
  "rows": [
     {
        "collapse": false,
        "height": "250px",
        "panels": [
           {
              "aliasColors": { },
              "bars": false,
              "dashLength": 10,
              "dashes": false,
              "datasource": "$datasource",
              "fill": 10,
              "id": 2,
              "legend": {
                 "avg": false,
                 "current": false,
                 "max": false,
                 "min": false,
                 "show": true,
                 "total": false,
                 "values": false
              },
              "lines": true,
              "linewidth": 0,
              "links": [ ],
              "nullPointMode": "null as zero",
              "percentage": false,
              "pointradius": 5,
              "points": false,
              "renderer": "flot",
              "seriesOverrides": [ ],
              "spaceLength": 10,
              "span": 12,
              "stack": true,
              "steppedLine": false,
              "targets": [
                 {
                    "expr": "node:windows_node_cpu_utilisation:avg3m{job=\"windows-exporter\", cluster=\"$cluster\"} * node:windows_node_num_cpu:sum{cluster=\"$cluster\"} / scalar(sum by (cluster, job) (node:windows_node_num_cpu:sum{job=\"windows-exporter\", cluster=\"$cluster\"}))",
                    "format": "time_series",
                    "intervalFactor": 2,
                    "legendFormat": "{{instance}}",
                    "legendLink": "/d/96e7484b0bb53b74fbc2bcb7723cd40b/k8s-windows-node-rsrc-use",
                    "step": 10
                 }
              ],
              "thresholds": [ ],
              "timeFrom": null,
              "timeShift": null,
              "title": "CPU Utilisation",
              "tooltip": {
                 "shared": true,
                 "sort": 2,
                 "value_type": "individual"
              },
              "type": "graph",
              "xaxis": {
                 "buckets": null,
                 "mode": "time",
                 "name": null,
                 "show": true,
                 "values": [ ]
              },
              "yaxes": [
                 {
                    "format": "percentunit",
                    "label": null,
                    "logBase": 1,
                    "max": 1,
                    "min": 0,
                    "show": true
                 },
                 {
                    "format": "short",
                    "label": null,
                    "logBase": 1,
                    "max": null,
                    "min": null,
                    "show": false
                 }
              ]
           }
        ],
        "repeat": null,
        "repeatIteration": null,
        "repeatRowId": null,
        "showTitle": true,
        "title": "CPU",
        "titleSize": "h6"
     },
     {
        "collapse": false,
        "height": "250px",
        "panels": [
           {
              "aliasColors": { },
              "bars": false,
              "dashLength": 10,
              "dashes": false,
              "datasource": "$datasource",
              "fill": 10,
              "id": 3,
              "legend": {
                 "avg": false,
                 "current": false,
                 "max": false,
                 "min": false,
                 "show": true,
                 "total": false,
                 "values": false
              },
              "lines": true,
              "linewidth": 0,
              "links": [ ],
              "nullPointMode": "null as zero",
              "percentage": false,
              "pointradius": 5,
              "points": false,
              "renderer": "flot",
              "seriesOverrides": [ ],
              "spaceLength": 10,
              "span": 6,
              "stack": true,
              "steppedLine": false,
              "targets": [
                 {
                    "expr": "node:windows_node_memory_utilisation:ratio{job=\"windows-exporter\", cluster=\"$cluster\"}",
                    "format": "time_series",
                    "intervalFactor": 2,
                    "legendFormat": "{{instance}}",
                    "legendLink": "/d/96e7484b0bb53b74fbc2bcb7723cd40b/k8s-windows-node-rsrc-use",
                    "step": 10
                 }
              ],
              "thresholds": [ ],
              "timeFrom": null,
              "timeShift": null,
              "title": "Memory Utilisation",
              "tooltip": {
                 "shared": true,
                 "sort": 2,
                 "value_type": "individual"
              },
              "type": "graph",
              "xaxis": {
                 "buckets": null,
                 "mode": "time",
                 "name": null,
                 "show": true,
                 "values": [ ]
              },
              "yaxes": [
                 {
                    "format": "percentunit",
                    "label": null,
                    "logBase": 1,
                    "max": 1,
                    "min": 0,
                    "show": true
                 },
                 {
                    "format": "short",
                    "label": null,
                    "logBase": 1,
                    "max": null,
                    "min": null,
                    "show": false
                 }
              ]
           },
           {
              "aliasColors": { },
              "bars": false,
              "dashLength": 10,
              "dashes": false,
              "datasource": "$datasource",
              "fill": 10,
              "id": 4,
              "legend": {
                 "avg": false,
                 "current": false,
                 "max": false,
                 "min": false,
                 "show": true,
                 "total": false,
                 "values": false
              },
              "lines": true,
              "linewidth": 0,
              "links": [ ],
              "nullPointMode": "null as zero",
              "percentage": false,
              "pointradius": 5,
              "points": false,
              "renderer": "flot",
              "seriesOverrides": [ ],
              "spaceLength": 10,
              "span": 6,
              "stack": true,
              "steppedLine": false,
              "targets": [
                 {
                    "expr": "node:windows_node_memory_swap_io_pages:irate{job=\"windows-exporter\", cluster=\"$cluster\"}",
                    "format": "time_series",
                    "intervalFactor": 2,
                    "legendFormat": "{{instance}}",
                    "legendLink": "/d/96e7484b0bb53b74fbc2bcb7723cd40b/k8s-windows-node-rsrc-use",
                    "step": 10
                 }
              ],
              "thresholds": [ ],
              "timeFrom": null,
              "timeShift": null,
              "title": "Memory Saturation (Swap I/O Pages)",
              "tooltip": {
                 "shared": true,
                 "sort": 2,
                 "value_type": "individual"
              },
              "type": "graph",
              "xaxis": {
                 "buckets": null,
                 "mode": "time",
                 "name": null,
                 "show": true,
                 "values": [ ]
              },
              "yaxes": [
                 {
                    "format": "short",
                    "label": null,
                    "logBase": 1,
                    "max": null,
                    "min": 0,
                    "show": true
                 },
                 {
                    "format": "short",
                    "label": null,
                    "logBase": 1,
                    "max": null,
                    "min": null,
                    "show": false
                 }
              ]
           }
        ],
        "repeat": null,
        "repeatIteration": null,
        "repeatRowId": null,
        "showTitle": true,
        "title": "Memory",
        "titleSize": "h6"
     },
     {
        "collapse": false,
        "height": "250px",
        "panels": [
           {
              "aliasColors": { },
              "bars": false,
              "dashLength": 10,
              "dashes": false,
              "datasource": "$datasource",
              "fill": 10,
              "id": 5,
              "legend": {
                 "avg": false,
                 "current": false,
                 "max": false,
                 "min": false,
                 "show": true,
                 "total": false,
                 "values": false
              },
              "lines": true,
              "linewidth": 0,
              "links": [ ],
              "nullPointMode": "null as zero",
              "percentage": false,
              "pointradius": 5,
              "points": false,
              "renderer": "flot",
              "seriesOverrides": [ ],
              "spaceLength": 10,
              "span": 12,
              "stack": true,
              "steppedLine": false,
              "targets": [
                 {
                    "expr": "node:windows_node_disk_utilisation:avg_irate{job=\"windows-exporter\", cluster=\"$cluster\"} / scalar(node:windows_node:sum{job=\"windows-exporter\", cluster=\"$cluster\"})",
                    "format": "time_series",
                    "intervalFactor": 2,
                    "legendFormat": "{{instance}}",
                    "legendLink": "/d/96e7484b0bb53b74fbc2bcb7723cd40b/k8s-windows-node-rsrc-use",
                    "step": 10
                 }
              ],
              "thresholds": [ ],
              "timeFrom": null,
              "timeShift": null,
              "title": "Disk IO Utilisation",
              "tooltip": {
                 "shared": true,
                 "sort": 2,
                 "value_type": "individual"
              },
              "type": "graph",
              "xaxis": {
                 "buckets": null,
                 "mode": "time",
                 "name": null,
                 "show": true,
                 "values": [ ]
              },
              "yaxes": [
                 {
                    "format": "percentunit",
                    "label": null,
                    "logBase": 1,
                    "max": 1,
                    "min": 0,
                    "show": true
                 },
                 {
                    "format": "short",
                    "label": null,
                    "logBase": 1,
                    "max": null,
                    "min": null,
                    "show": false
                 }
              ]
           }
        ],
        "repeat": null,
        "repeatIteration": null,
        "repeatRowId": null,
        "showTitle": true,
        "title": "Disk",
        "titleSize": "h6"
     },
     {
        "collapse": false,
        "height": "250px",
        "panels": [
           {
              "aliasColors": { },
              "bars": false,
              "dashLength": 10,
              "dashes": false,
              "datasource": "$datasource",
              "fill": 10,
              "id": 6,
              "legend": {
                 "avg": false,
                 "current": false,
                 "max": false,
                 "min": false,
                 "show": true,
                 "total": false,
                 "values": false
              },
              "lines": true,
              "linewidth": 0,
              "links": [ ],
              "nullPointMode": "null as zero",
              "percentage": false,
              "pointradius": 5,
              "points": false,
              "renderer": "flot",
              "seriesOverrides": [ ],
              "spaceLength": 10,
              "span": 6,
              "stack": true,
              "steppedLine": false,
              "targets": [
                 {
                    "expr": "node:windows_node_net_utilisation:sum_irate{job=\"windows-exporter\", cluster=\"$cluster\"}",
                    "format": "time_series",
                    "intervalFactor": 2,
                    "legendFormat": "{{instance}}",
                    "legendLink": "/d/96e7484b0bb53b74fbc2bcb7723cd40b/k8s-windows-node-rsrc-use",
                    "step": 10
                 }
              ],
              "thresholds": [ ],
              "timeFrom": null,
              "timeShift": null,
              "title": "Net Utilisation (Transmitted)",
              "tooltip": {
                 "shared": true,
                 "sort": 2,
                 "value_type": "individual"
              },
              "type": "graph",
              "xaxis": {
                 "buckets": null,
                 "mode": "time",
                 "name": null,
                 "show": true,
                 "values": [ ]
              },
              "yaxes": [
                 {
                    "format": "Bps",
                    "label": null,
                    "logBase": 1,
                    "max": null,
                    "min": 0,
                    "show": true
                 },
                 {
                    "format": "short",
                    "label": null,
                    "logBase": 1,
                    "max": null,
                    "min": null,
                    "show": false
                 }
              ]
           },
           {
              "aliasColors": { },
              "bars": false,
              "dashLength": 10,
              "dashes": false,
              "datasource": "$datasource",
              "fill": 10,
              "id": 7,
              "legend": {
                 "avg": false,
                 "current": false,
                 "max": false,
                 "min": false,
                 "show": true,
                 "total": false,
                 "values": false
              },
              "lines": true,
              "linewidth": 0,
              "links": [ ],
              "nullPointMode": "null as zero",
              "percentage": false,
              "pointradius": 5,
              "points": false,
              "renderer": "flot",
              "seriesOverrides": [ ],
              "spaceLength": 10,
              "span": 6,
              "stack": true,
              "steppedLine": false,
              "targets": [
                 {
                    "expr": "node:windows_node_net_saturation:sum_irate{job=\"windows-exporter\", cluster=\"$cluster\"}",
                    "format": "time_series",
                    "intervalFactor": 2,
                    "legendFormat": "{{instance}}",
                    "legendLink": "/d/96e7484b0bb53b74fbc2bcb7723cd40b/k8s-windows-node-rsrc-use",
                    "step": 10
                 }
              ],
              "thresholds": [ ],
              "timeFrom": null,
              "timeShift": null,
              "title": "Net Saturation (Dropped)",
              "tooltip": {
                 "shared": true,
                 "sort": 2,
                 "value_type": "individual"
              },
              "type": "graph",
              "xaxis": {
                 "buckets": null,
                 "mode": "time",
                 "name": null,
                 "show": true,
                 "values": [ ]
              },
              "yaxes": [
                 {
                    "format": "Bps",
                    "label": null,
                    "logBase": 1,
                    "max": null,
                    "min": 0,
                    "show": true
                 },
                 {
                    "format": "short",
                    "label": null,
                    "logBase": 1,
                    "max": null,
                    "min": null,
                    "show": false
                 }
              ]
           }
        ],
        "repeat": null,
        "repeatIteration": null,
        "repeatRowId": null,
        "showTitle": true,
        "title": "Network",
        "titleSize": "h6"
     },
     {
        "collapse": false,
        "height": "250px",
        "panels": [
           {
              "aliasColors": { },
              "bars": false,
              "dashLength": 10,
              "dashes": false,
              "datasource": "$datasource",
              "fill": 10,
              "id": 8,
              "legend": {
                 "avg": false,
                 "current": false,
                 "max": false,
                 "min": false,
                 "show": true,
                 "total": false,
                 "values": false
              },
              "lines": true,
              "linewidth": 0,
              "links": [ ],
              "nullPointMode": "null as zero",
              "percentage": false,
              "pointradius": 5,
              "points": false,
              "renderer": "flot",
              "seriesOverrides": [ ],
              "spaceLength": 10,
              "span": 12,
              "stack": true,
              "steppedLine": false,
              "targets": [
                 {
                    "expr": "sum by (instance, cluster, job)(node:windows_node_filesystem_usage:{job=\"windows-exporter\", cluster=\"$cluster\"})\n",
                    "format": "time_series",
                    "intervalFactor": 2,
                    "legendFormat": "{{instance}}",
                    "legendLink": "/d/96e7484b0bb53b74fbc2bcb7723cd40b/k8s-windows-node-rsrc-use",
                    "step": 10
                 }
              ],
              "thresholds": [ ],
              "timeFrom": null,
              "timeShift": null,
              "title": "Disk Capacity",
              "tooltip": {
                 "shared": true,
                 "sort": 2,
                 "value_type": "individual"
              },
              "type": "graph",
              "xaxis": {
                 "buckets": null,
                 "mode": "time",
                 "name": null,
                 "show": true,
                 "values": [ ]
              },
              "yaxes": [
                 {
                    "format": "percentunit",
                    "label": null,
                    "logBase": 1,
                    "max": 1,
                    "min": 0,
                    "show": true
                 },
                 {
                    "format": "short",
                    "label": null,
                    "logBase": 1,
                    "max": null,
                    "min": null,
                    "show": false
                 }
              ]
           }
        ],
        "repeat": null,
        "repeatIteration": null,
        "repeatRowId": null,
        "showTitle": true,
        "title": "Storage",
        "titleSize": "h6"
     }
  ],
  "schemaVersion": 14,
  "style": "dark",
  "tags": [
     "kubernetes-mixin"
  ],
  "templating": {
     "list": [
        {
           "current": {
              "text": "default",
              "value": "default"
           },
           "hide": 0,
           "label": null,
           "name": "datasource",
           "options": [ ],
           "query": "prometheus",
           "refresh": 1,
           "regex": "",
           "type": "datasource"
        },
        {
           "allValue": null,
           "current": { },
           "datasource": "$datasource",
           "hide": 0,
           "includeAll": false,
           "label": "Cluster",
           "multi": false,
           "name": "cluster",
           "options": [ ],
           "query": "label_values(windows_system_system_up_time, cluster)",
           "refresh": 2,
           "regex": "",
           "sort": 1,
           "tagValuesQuery": "",
           "tags": [ ],
           "tagsQuery": "",
           "type": "query",
           "useTags": false
        }
     ]
  },
  "time": {
     "from": "now-1h",
     "to": "now"
  },
  "timepicker": {
     "refresh_intervals": [
        "5s",
        "10s",
        "30s",
        "1m",
        "5m",
        "15m",
        "30m",
        "1h",
        "2h",
        "1d"
     ],
     "time_options": [
        "5m",
        "15m",
        "1h",
        "6h",
        "12h",
        "24h",
        "2d",
        "7d",
        "30d"
     ]
  },
  "timezone": "browser",
  "title": "Kubernetes / USE Method / Cluster(Windows)",
  "uid": "VESDBJS7k",
  "version": 0
}
